episode_frame_index,trajectory_time_s,control_dt_s,x,y,z,yaw,yaw_rate,state_vx_flu,state_vy_flu,state_vz_flu,speed_world_mps,effective_target_world_x,effective_target_world_y,effective_target_world_z,goal_direction_flu_x,goal_direction_flu_y,goal_direction_flu_z,goal_distance_norm,target_velocity_flu_x,target_velocity_flu_y,target_velocity_flu_z,target_yaw_rate,hierarchical_mode,planner_status,planner_failure_reason,plan_valid,plan_terminal,plan_points_xy,macro_update_mask,macro_label_valid,macro_correction_type,macro_direction_token,macro_direction_flu_x,macro_direction_flu_y,macro_direction_flu_z,macro_distance_norm,min_observed_clearance_m,truth_minimum_clearance_m,truth_brake_risk,truth_brake_would_trigger,emergency_brake,local_corridor_blocked,fsm_state,effective_target_source,target_correction_active,observability_reason,scene_id,task_id,navigation_goal_world_x,navigation_goal_world_y,navigation_goal_world_z,original_navigation_goal_world_x,original_navigation_goal_world_y,original_navigation_goal_world_z,episode_valid,failure_taxonomy
0,0.033333,0.033333,1.2328778886683267e-08,6.0,2.000577211380005,-0.9312622740672618,0.0,1.0003052639593324e-05,1.1562468945395728e-05,0.03062204110739124,0.030622044924114866,0.0,18.0,2.0,0.5968216422177409,0.8023739323909512,0.0,0.9,0.053908150643110275,0.06257367134094238,0.0019758655689656734,0.4503042697906494,blocked,NO_SAFE_CANDIDATE,NO_SAFE_CANDIDATE,0,0,,1,1,PASS_THROUGH,-1,0.5968216422177409,0.8023739323909512,0.0,0.9,4.334166586553867,5.0,0.0,0,0,0,DIRECT_LOCAL,PASS_THROUGH,0,BYPASS_VISIBLE,1,4,0.0,18.0,2.0,0.0,18.0,2.0,1,
1,0.066667,0.033333,1.4178402807374368e-06,6.000004768371582,2.0018112659454346,-0.9312118722629866,0.004415109753608704,0.0002588925477287369,0.00019146907674257108,0.04098587021135122,0.040987135088224276,0.0,18.0,2.0,0.5968620810387474,0.8023438501692367,-4.810094827809462e-05,0.9,0.12308305501937866,0.06594514101743698,-0.0008077407255768776,0.7045232653617859,blocked,NO_SAFE_CANDIDATE,NO_SAFE_CANDIDATE,0,0,,0,1,PASS_THROUGH,-1,0.5968216422177409,0.8023739323909512,0.0,0.9,4.334166584135995,4.999995231628586,0.0,0,0,0,DIRECT_LOCAL,PASS_THROUGH,0,BYPASS_VISIBLE,1,4,0.0,18.0,2.0,0.0,18.0,2.0,1,
2,0.1,0.033333,3.144194488413632e-05,6.000053882598877,2.0032026767730713,-0.9308132949027318,0.02190578728914261,0.002775479297656995,0.0009837882304203082,0.041624648469992115,0.04172867700831712,0.0,18.0,2.0,0.5971817296549015,0.8021059524675231,-0.00015093888704455257,0.9,0.14721858501434326,0.07124730944633484,-0.0027045479509979486,0.927444577217102,blocked,NO_SAFE_CANDIDATE,NO_SAFE_CANDIDATE,0,0,,0,1,PASS_THROUGH,-1,0.5968216422177409,0.8023739323909512,0.0,0.9,4.334161632719507,4.999946117483507,0.0,0,0,0,DIRECT_LOCAL,PASS_THROUGH,0,BYPASS_VISIBLE,1,4,0.0,18.0,2.0,0.0,18.0,2.0,1,
3,0.133333,0.033333,0.0001840521872509271,6.000256061553955,2.0045325756073,-0.9295405845577587,0.05489804223179817,0.010697552543742592,0.0029027532797034615,0.0381875235200377,0.03976368392921354,0.0,18.0,2.0,0.5982000747929002,0.8013467409848285,-0.00026689091998101025,0.9,0.1433829367160797,0.061668746173381805,-0.004496741574257612,1.041946291923523,blocked,NO_SAFE_CANDIDATE,NO_SAFE_CANDIDATE,0,0,,0,1,PASS_THROUGH,-1,0.5968216422177409,0.8023739323909512,0.0,0.9,4.334107584093313,4.9997439412691,0.0,0,0,0,DIRECT_LOCAL,PASS_THROUGH,0,BYPASS_VISIBLE,1,4,0.0,18.0,2.0,0.0,18.0,2.0,1,
4,0.166667,0.033333,0.000592257478274405,6.000757217407227,2.0057027339935303,-0.926861130961167,0.10170883685350418,0.024690233674086466,0.005822151269123965,0.03378002223746466,0.042244466935270494,0.0,18.0,2.0,0.6003349037834742,0.799748623396673,-0.00037772266697320213,0.9,0.13289184868335724,0.04704169183969498,-0.005122874863445759,1.0447964668273926,blocked,NO_SAFE_CANDIDATE,NO_SAFE_CANDIDATE,0,0,,0,1,PASS_THROUGH,-1,0.5968216422177409,0.8023739323909512,0.0,0.9,4.333879403896211,4.999242811827206,0.0,0,0,0,DIRECT_LOCAL,PASS_THROUGH,0,BYPASS_VISIBLE,1,4,0.0,18.0,2.0,0.0,18.0,2.0,1,
5,0.2,0.033333,0.001368647557683289,6.001667499542236,2.0066919326782227,-0.9224512799487561,0.160478875041008,0.0424179816142257,0.008631614964278523,0.029441729043909536,0.05235079130453839,0.0,18.0,2.0,0.6038286848432809,0.797113977728711,-0.00047525776800003914,0.9,0.13375049829483032,0.036602649837732315,-0.006186762824654579,1.005265235900879,blocked,NO_SAFE_CANDIDATE,NO_SAFE_CANDIDATE,0,0,,0,1,PASS_THROUGH,-1,0.5968216422177409,0.8023739323909512,0.0,0.9,4.333307944108361,4.998332656600835,0.0,0,0,0,DIRECT_LOCAL,PASS_THROUGH,0,BYPASS_VISIBLE,1,4,0.0,18.0,2.0,0.0,18.0,2.0,1,
6,0.233333,0.033333,0.0025689450558274984,6.003002166748047,2.0074875354766846,-0.916106287650377,0.2290213406085968,0.060567465776556494,0.009964910243087512,0.023765855817315915,0.06582198150676248,0.0,18.0,2.0,0.6088228172379568,0.7933060356118804,-0.0005577384685407499,0.9,0.13593840599060059,0.02979741431772709,-0.010566765442490578,1.0565037727355957,blocked,NO_SAFE_CANDIDATE,NO_SAFE_CANDIDATE,0,0,,1,1,PASS_THROUGH,-1,0.6088229119319053,0.7933061589996357,0.0,0.9,4.332263173768855,4.996998383483801,0.0,0,0,0,DIRECT_LOCAL,PASS_THROUGH,0,BYPASS_VISIBLE,1,4,0.0,18.0,2.0,0.0,18.0,2.0,1,
7,0.266667,0.033333,0.004192925989627838,6.004696846008301,2.0080490112304688,-0.9075050049433241,0.3049158453941345,0.07665923219878558,0.009020770256830889,0.016285821491694864,0.07888751586273457,0.0,18.0,2.0,0.6155447812462979,0.7881016639736578,-0.0006241172959111715,0.9,0.12570637464523315,0.026388436555862427,-0.01606675609946251,1.2092453241348267,blocked,NO_SAFE_CANDIDATE,NO_SAFE_CANDIDATE,0,0,,0,1,PASS_THROUGH,-1,0.6088228172379568,0.7933060356118804,-0.0005577384685407499,0.9,4.312266663547344,4.995304620191635,0.0,0,0,0,DIRECT_LOCAL,PASS_THROUGH,0,BYPASS_VISIBLE,1,4,0.0,18.0,2.0,0.0,18.0,2.0,1,
8,0.3,0.033333,0.006201340351253748,6.006649494171143,2.0083608627319336,-0.896274411145057,0.38598883152008057,0.08924976230682828,0.005864071977650777,0.008675495302745015,0.08986195875192331,0.0,18.0,2.0,0.6242508244633913,0.7812236926116736,-0.0006710133810993381,0.9,0.1079748272895813,0.02073422446846962,-0.018779251724481583,1.3321301937103271,blocked,NO_SAFE_CANDIDATE,NO_SAFE_CANDIDATE,0,0,,0,1,PASS_THROUGH,-1,0.6088228172379568,0.7933060356118804,-0.0005577384685407499,0.9,4.310316352767599,4.993353714102078,0.0,0,0,0,DIRECT_LOCAL,PASS_THROUGH,0,BYPASS_VISIBLE,1,4,0.0,18.0,2.0,0.0,18.0,2.0,1,
9,0.333333,0.033333,0.00852433405816555,6.008749961853027,2.008469343185425,-0.8821603585065466,0.4706694185733795,0.09752135759075474,0.0011419823614932773,0.002660330293618298,0.09756432066759327,0.0,18.0,2.0,0.6350851143412329,0.7724418499534357,-0.0006971245923805281,0.9,0.09521818906068802,0.011939842253923416,-0.018589269369840622,1.3899732828140259,blocked,NO_SAFE_CANDIDATE,NO_SAFE_CANDIDATE,0,0,,0,1,PASS_THROUGH,-1,0.6088228172379568,0.7933060356118804,-0.0005577384685407499,0.9,4.291911023015685,4.991256102343417,0.0,0,0,0,DIRECT_LOCAL,PASS_THROUGH,0,BYPASS_VISIBLE,1,4,0.0,18.0,2.0,0.0,18.0,2.0,1,
10,0.366667,0.033333,0.011069770902395248,6.010891914367676,2.008448362350464,-0.8650737861171547,0.5578365325927734,0.10131972917145472,-0.004459029984009294,-0.001347683095646691,0.10142675543219117,0.0,18.0,2.0,0.6480425492179025,0.7616038048441005,-0.0007062932476619529,0.9,0.08586502075195312,0.0036220645997673273,-0.017456267029047012,1.4154584407806396,blocked,NO_SAFE_CANDIDATE,NO_SAFE_CANDIDATE,0,0,,0,1,PASS_THROUGH,-1,0.6088228172379568,0.7933060356118804,-0.0005577384685407499,0.9,4.275675125975879,4.989118315847026,0.0,0,0,0,DIRECT_LOCAL,PASS_THROUGH,0,BYPASS_VISIBLE,1,4,0.0,18.0,2.0,0.0,18.0,2.0,1,
11,0.4,0.033333,0.013742750510573387,6.012984752655029,2.008357048034668,-0.8450119480502732,0.6459876298904419,0.10123254522079438,-0.010451602784042028,-0.003787356246373781,0.10184109327757888,0.0,18.0,2.0,0.6630312751655734,0.748591364893733,-0.0007046693208018182,0.9,0.07854090631008148,-0.002472013235092163,-0.016175655648112297,1.4274628162384033,blocked,NO_SAFE_CANDIDATE,NO_SAFE_CANDIDATE,0,0,,0,1,PASS_THROUGH,-1,0.6088228172379568,0.7933060356118804,-0.0005577384685407499,0.9,4.2732286568247835,4.9870310200576675,0.0,0,0,0,DIRECT_LOCAL,PASS_THROUGH,0,BYPASS_VISIBLE,1,4,0.0,18.0,2.0,0.0,18.0,2.0,1,
12,0.433333,0.033333,0.01646506041288376,6.014959812164307,2.008227586746216,-0.8220858250334316,0.7278252243995667,0.09829160068341132,-0.016481148674882012,-0.005173390517861396,0.09979795086073186,-0.6733029388230096,10.965556632069617,2.008357048034668,0.5735764363510463,0.8191520442889918,0.0,1.0,0.06595685333013535,-0.008536594919860363,-0.014648975804448128,1.433989405632019,macro_turn_left,SAFE_HOLD,NONE,0,0,,1,1,TURN_LEFT,0,0.5735764363510463,0.8191520442889918,0.0,1.0,4.270816086401255,4.985062835778979,0.0,0,0,0,DIRECT_LOCAL,TURN_LEFT,1,BLOCKED_UNKNOWN_OCCLUDED,1,4,0.0,18.0,2.0,0.0,18.0,2.0,1,
13,0.466667,0.033333,0.01918182708323002,6.016774654388428,2.008077621459961,-0.7966330731122858,0.7973302602767944,0.09343139853585154,-0.022285541648592398,-0.005919494302852529,0.09623467156767239,-0.6705806289206993,10.967531691578895,2.008227586746216,0.5942380753861337,0.8042891953528803,0.0,1.0,0.0583336316049099,-0.015801772475242615,-0.013245786540210247,1.4381868839263916,macro_turn_left,SAFE_HOLD,NONE,0,0,,0,1,TURN_LEFT,0,0.5735764363510463,0.8191520442889918,0.0,1.0,4.268515541068536,4.983256093370813,0.0,0,0,0,DIRECT_LOCAL,TURN_LEFT,1,BLOCKED_UNKNOWN_OCCLUDED,1,4,0.0,18.0,2.0,0.0,18.0,2.0,1,
14,0.5,0.033333,0.021856999024748802,6.018402099609375,2.0079174041748047,-0.7691062030039959,0.852550745010376,0.0873156813344397,-0.02773623025975179,-0.006146254511376147,0.09182103855020375,-0.667863862250353,10.969346533803016,2.008077621459961,0.6161497223683207,0.78762904950582,0.0,1.0,0.056831300258636475,-0.021496959030628204,-0.01167488656938076,1.4395928382873535,macro_turn_left,SAFE_HOLD,NONE,0,0,,0,1,TURN_LEFT,0,0.5735764363510463,0.8191520442889918,0.0,1.0,4.345835081935638,4.981637833433574,0.0,0,0,0,DIRECT_LOCAL,TURN_LEFT,1,BLOCKED_UNKNOWN_OCCLUDED,1,4,0.0,18.0,2.0,0.0,18.0,2.0,1,
15,0.533333,0.033333,0.024470699951052666,6.019830703735352,2.0077595710754395,-0.7399737596186658,0.8938974738121033,0.08057670404156314,-0.03279243669959318,-0.005741895086369225,0.08718324665944342,-0.6651886903088342,10.970973979023963,2.0079174041748047,0.638830591138431,0.76934743505501,0.0,1.0,0.06136652082204819,-0.024562107399106026,-0.0097289914265275,1.4383615255355835,macro_turn_left,SAFE_HOLD,NONE,0,0,,0,1,TURN_LEFT,0,0.5735764363510463,0.8191520442889918,0.0,1.0,4.3440094612877544,4.9802193627945215,0.0,0,0,0,DIRECT_LOCAL,TURN_LEFT,1,BLOCKED_UNKNOWN_OCCLUDED,1,4,0.0,18.0,2.0,0.0,18.0,2.0,1,
16,0.566667,0.033333,0.027019212022423744,6.02106237411499,2.007620096206665,-0.7096710698061879,0.9230617880821228,0.07398512511024373,-0.03737532276159004,-0.004662390001988451,0.08302078877993203,-0.6625749893825303,10.97240258314994,2.0077595710754395,0.6618470384539648,0.7496389115365584,0.0,1.0,0.07134570926427841,-0.025076186284422874,-0.007516006473451853,1.4352755546569824,macro_turn_left,SAFE_HOLD,NONE,0,0,,0,1,TURN_LEFT,0,0.5735764363510463,0.8191520442889918,0.0,1.0,4.351027616496273,4.978998676370634,0.0,0,0,0,DIRECT_LOCAL,TURN_LEFT,1,BLOCKED_UNKNOWN_OCCLUDED,1,4,0.0,18.0,2.0,0.0,18.0,2.0,1,
17,0.6,0.033333,0.029513834044337273,6.022122859954834,2.0075156688690186,-0.6785728356988563,0.942294180393219,0.06846314210785605,-0.04130827204643438,-0.0029704153572425638,0.08001498943408833,-0.6600264773111593,10.973634253529578,2.007620096206665,0.6848357170256446,0.7286974960063821,0.0,1.0,0.0863410085439682,-0.02260063774883747,-0.005023137200623751,1.4292819499969482,macro_turn_left,SAFE_HOLD,NONE,0,0,,0,1,TURN_LEFT,0,0.5735764363510463,0.8191520442889918,0.0,1.0,4.434547206399663,4.977949997103904,0.0,0,0,0,DIRECT_LOCAL,TURN_LEFT,1,BLOCKED_UNKNOWN_OCCLUDED,1,4,0.0,18.0,2.0,0.0,18.0,2.0,1,
18,0.633333,0.033333,0.03197718411684036,6.023068904876709,2.0074596405029297,-0.6469737629974779,0.9538543224334717,0.0649733666817661,-0.04434093505070972,-0.0009806447726999235,0.07866777334655352,-1.5098544599434138,10.779259105162158,2.0075156688690186,0.573576436351046,0.8191520442889918,0.0,1.0,0.09957154095172882,-0.019459400326013565,-0.002914689015597105,1.4221322536468506,macro_turn_left,SAFE_HOLD,NONE,0,0,,1,1,TURN_LEFT,0,0.573576436351046,0.8191520442889918,0.0,1.0,4.439460254344387,4.9770166350911005,0.0,0,0,0,DIRECT_LOCAL,TURN_LEFT,1,BLOCKED_UNKNOWN_OCCLUDED,1,4,0.0,18.0,2.0,0.0,18.0,2.0,1,
19,0.666667,0.033333,0.03443669155240059,6.02398681640625,2.0074546337127686,-0.6150852022152689,0.9596360921859741,0.06423393526661665,-0.04626781193249948,0.00092100714566962,0.07916790457640908,-1.5073911098709107,10.780205150084033,2.0074596405029297,0.5994019846636196,0.8004481624573285,0.0,1.0,0.11379764974117279,-0.017575055360794067,-0.0013061844510957599,1.41521418094635,macro_turn_left,SAFE_HOLD,NONE,0,0,,0,1,TURN_LEFT,0,0.573576436351046,0.8191520442889918,0.0,1.0,4.532178183637509,4.976112403244386,0.0,0,0,0,DIRECT_LOCAL,TURN_LEFT,1,BLOCKED_UNKNOWN_OCCLUDED,1,4,0.0,18.0,2.0,0.0,18.0,2.0,1,
20,0.7,0.033333,0.03691757470369339,6.024980545043945,2.0074949264526367,-0.5830526349987324,0.9611912369728088,0.06653358905411952,-0.04709343230098644,0.0026639235914963128,0.08155738058086084,-1.5049316024353505,10.781123061613574,2.0074546337127686,0.624730517073813,0.7808404325063388,0.0,1.0,0.1303384006023407,-0.016725126653909683,0.00018032966181635857,1.4078994989395142,macro_turn_left,SAFE_HOLD,NONE,0,0,,0,1,TURN_LEFT,0,0.573576436351046,0.8191520442889918,0.0,1.0,4.537000720707771,4.975133504318155,0.0,0,0,0,DIRECT_LOCAL,TURN_LEFT,1,BLOCKED_UNKNOWN_OCCLUDED,1,4,0.0,18.0,2.0,0.0,18.0,2.0,1,
21,0.733333,0.033333,0.039441172033548355,6.026157855987549,2.0075736045837402,-0.5509874968916406,0.9598222970962524,0.0718341114413065,-0.04709620176517613,0.004352321574301266,0.0860065956212333,-1.5024507192840577,10.78211679025127,2.0074949264526367,0.6494428450441297,0.7604104095953621,0.0,1.0,0.14899426698684692,-0.016323313117027283,0.0016452835407108068,1.4001784324645996,macro_turn_left,SAFE_HOLD,NONE,0,0,,0,1,TURN_LEFT,0,0.573576436351046,0.8191520442889918,0.0,1.0,4.535837483063101,4.973972344063091,0.0,0,0,0,DIRECT_LOCAL,TURN_LEFT,1,BLOCKED_UNKNOWN_OCCLUDED,1,4,0.0,18.0,2.0,0.0,18.0,2.0,1,
22,0.766667,0.033333,0.042028021067380905,6.027617454528809,2.007685422897339,-0.5189872532733861,0.9565604329109192,0.07995577887589948,-0.04673990440229954,0.006116800038033126,0.09281681141847697,-1.4999271219542027,10.783294101194873,2.0075736045837402,0.6734395192389897,0.7392423242260675,0.0,1.0,0.16967518627643585,-0.015614332631230354,0.003272097557783127,1.390364646911621,macro_turn_left,SAFE_HOLD,NONE,0,0,,0,1,TURN_LEFT,0,0.573576436351046,0.8191520442889918,0.0,1.0,4.628633836541866,4.972530420517235,0.0,0,0,0,DIRECT_LOCAL,TURN_LEFT,1,BLOCKED_UNKNOWN_OCCLUDED,1,4,0.0,18.0,2.0,0.0,18.0,2.0,1,
23,0.8,0.033333,0.0447012297809124,6.029447555541992,2.007827043533325,-0.487128269983924,0.9520851373672485,0.09071930554409444,-0.04650522575818249,0.008049043728965184,0.10226199453449496,-1.4973402729203702,10.784753699736132,2.007685422897339,0.6966453042819394,0.7174157232887526,0.0,1.0,0.19282318651676178,-0.014278342947363853,0.005042667035013437,1.376846432685852,macro_turn_left,SAFE_HOLD,NONE,0,0,,0,1,TURN_LEFT,0,0.573576436351046,0.8191520442889918,0.0,1.0,4.627058756996488,4.970719780057294,0.0,0,0,0,DIRECT_LOCAL,TURN_LEFT,1,BLOCKED_UNKNOWN_OCCLUDED,1,4,0.0,18.0,2.0,0.0,18.0,2.0,1,
24,0.833333,0.033333,0.047486551105976105,6.0317277908325195,2.0079896450042725,-0.4554578875093003,0.946664571762085,0.10399163317168862,-0.046741895000889586,0.009641844432488333,0.11442040762927538,-2.3720304314769076,10.406593666591293,2.007827043533325,0.5735764363510463,0.8191520442889918,0.0,1.0,0.20252348482608795,-0.012619959190487862,0.00541475648060441,1.373847246170044,macro_turn_left,SAFE_HOLD,NONE,0,0,,1,1,TURN_LEFT,0,0.5735764363510462,0.8191520442889919,0.0,1.0,4.630627628203779,4.968461119522923,0.0,0,0,0,DIRECT_LOCAL,TURN_LEFT,1,BLOCKED_UNKNOWN_OCCLUDED,1,4,0.0,18.0,2.0,0.0,18.0,2.0,1,
25,0.866667,0.033333,0.05040665343403816,6.0345282554626465,2.008146286010742,-0.4239932935334223,0.9406698346138,0.11930046911009816,-0.04761125488429526,0.010395915200877232,0.12887012289282043,-2.369245110151844,10.40887390188182,2.0079896450042725,0.5990625673521068,0.8007022170554436,0.0,1.0,0.2050328552722931,-0.013839541003108025,0.005365033634006977,1.3765733242034912,macro_turn_left,SAFE_HOLD,NONE,0,0,,0,1,TURN_LEFT,0,0.5735764363510463,0.8191520442889918,0.0,1.0,4.635779899273611,4.965684702159841,0.0,0,0,0,DIRECT_LOCAL,TURN_LEFT,1,BLOCKED_UNKNOWN_OCCLUDED,1,4,0.0,18.0,2.0,0.0,18.0,2.0,1,
26,0.9,0.033333,0.053470805287361145,6.037895679473877,2.008275270462036,-0.39272549104350335,0.9348821640014648,0.13552568284601166,-0.04917022526227893,0.010353688440161598,0.1445410689995647,-2.366325007823782,10.411674366511948,2.008146286010742,0.62380186625022,0.7815825175007067,0.0,1.0,0.20800001919269562,-0.017453081905841827,0.00558238010853529,1.3786780834197998,macro_turn_left,SAFE_HOLD,NONE,0,0,,0,1,TURN_LEFT,0,0.5735764363510463,0.8191520442889918,0.0,1.0,4.719693981342811,4.962344090695734,0.0,0,0,0,DIRECT_LOCAL,TURN_LEFT,1,BLOCKED_UNKNOWN_OCCLUDED,1,4,0.0,18.0,2.0,0.0,18.0,2.0,1,
27,0.933333,0.033333,0.0566716268658638,6.041837692260742,2.0083694458007812,-0.3616399196927866,0.9300148487091064,0.1513003213144927,-0.05148388401283212,0.009726280648730417,0.16011551479532943,-2.363260855970459,10.415041790523178,2.008275270462036,0.6477925230629511,0.7618168067611373,0.0,1.0,0.21374522149562836,-0.021547332406044006,0.006004918832331896,1.3791098594665527,macro_turn_left,SAFE_HOLD,NONE,0,0,,0,1,TURN_LEFT,0,0.5735764363510463,0.8191520442889918,0.0,1.0,4.716200891808507,4.958431820425272,0.0,0,0,0,DIRECT_LOCAL,TURN_LEFT,1,BLOCKED_UNKNOWN_OCCLUDED,1,4,0.0,18.0,2.0,0.0,18.0,2.0,1,
28,0.966667,0.033333,0.059991255402565,6.046323776245117,2.0084314346313477,-0.3307139467274667,0.92630535364151,0.16563192906583019,-0.05460920568050492,0.008786311551218142,0.17462331041931076,-2.360060034391956,10.418983803310043,2.0083694458007812,0.6710389388844142,0.7414221081818909,0.0,1.0,0.2210703194141388,-0.024643536657094955,0.006390814669430256,1.3794550895690918,macro_turn_left,SAFE_HOLD,NONE,0,0,,0,1,TURN_LEFT,0,0.5735764363510463,0.8191520442889918,0.0,1.0,4.712129898026512,4.953978462173757,0.0,0,0,0,DIRECT_LOCAL,TURN_LEFT,1,BLOCKED_UNKNOWN_OCCLUDED,1,4,0.0,18.0,2.0,0.0,18.0,2.0,1,
29,1.0,0.033333,0.06340934336185455,6.051307201385498,2.00846791267395,-0.29990477097578727,0.9236577749252319,0.17820482844915753,-0.05849566849592844,0.00790664190603333,0.18772644752833698,-2.356740405855255,10.423469887294418,2.0084314346313477,0.6935594777015923,0.7203993690240813,0.0,1.0,0.22937843203544617,-0.02599460631608963,0.006870502606034279,1.379227876663208,macro_turn_left,SAFE_HOLD,NONE,0,0,,0,1,TURN_LEFT,0,0.5735764363510463,0.8191520442889918,0.0,1.0,4.712608098480073,4.9490307409790395,0.0,0,0,0,DIRECT_LOCAL,TURN_LEFT,1,BLOCKED_UNKNOWN_OCCLUDED,1,4,0.0,18.0,2.0,0.0,18.0,2.0,1,
30,1.033333,0.033333,0.06690657138824463,6.056739330291748,2.008518934249878,-0.26915808154491117,0.9218535423278809,0.1894113530485388,-0.06292476485008452,0.010290339087623142,0.19985514197451837,0.0,18.0,2.0,0.9625701409270939,0.2710317722504807,-0.00070867930538695,0.9,0.28376469016075134,-0.031254857778549194,0.01650446280837059,1.2849270105361938,local_avoidance,SAFE_PROGRESSING,NONE,1,0,"0.063,6.051;0.017,6.549;-0.029,7.047;-0.075,7.545;-0.121,8.043;-0.168,8.541;-0.214,9.038",1,1,PASS_THROUGH,-1,0.9625703826412331,0.2710318403101563,0.0,0.9,4.799473983395651,4.943637259910459,0.0,0,0,1,DIRECT_LOCAL,PASS_THROUGH,0,BLOCKED_UNKNOWN_OCCLUDED,1,4,0.0,18.0,2.0,0.0,18.0,2.0,1,
31,1.066667,0.033333,0.07046940177679062,6.0626115798950195,2.0086851119995117,-0.2384802303461277,0.917016863822937,0.20109436616120874,-0.06766725314773853,0.015953053470262483,0.21277288634918565,0.0,18.0,2.0,0.9703592859228201,0.24166577636440983,-0.0007132724176079725,0.9,0.3279758095741272,-0.026770273223519325,0.020374208688735962,1.0767854452133179,local_avoidance,SAFE_PROGRESSING,NONE,1,0,"0.067,6.057;0.021,6.555;-0.026,7.052;-0.072,7.550;-0.119,8.048;-0.165,8.546;-0.211,9.044",0,1,PASS_THROUGH,-1,0.9625701409270939,0.2710317722504807,-0.00070867930538695,0.9,4.7939808474430174,4.937806597371077,0.0,0,0,1,DIRECT_LOCAL,PASS_THROUGH,0,BLOCKED_UNKNOWN_OCCLUDED,1,4,0.0,18.0,2.0,0.0,18.0,2.0,1,
32,1.1,0.033333,0.07409480214118958,6.068997859954834,2.008946657180786,-0.20805843377996833,0.9041802287101746,0.2160237025920785,-0.07240557452866213,0.02105460009395129,0.2288058204887556,0.0,18.0,2.0,0.9771971453171077,0.21233278094983207,-0.0007275425803578449,0.9,0.3417184352874756,-0.008347110822796822,0.02027285099029541,0.8039479851722717,local_avoidance,SAFE_PROGRESSING,NONE,1,0,"0.070,6.063;0.024,6.560;-0.023,7.058;-0.069,7.556;-0.116,8.054;-0.162,8.552;-0.209,9.050",0,1,PASS_THROUGH,-1,0.9625701409270939,0.2710317722504807,-0.00070867930538695,0.9,4.788048976463066,4.93146494762674,0.0,0,0,1,DIRECT_LOCAL,PASS_THROUGH,0,BLOCKED_UNKNOWN_OCCLUDED,1,4,0.0,18.0,2.0,0.0,18.0,2.0,1,
33,1.133333,0.033333,0.07776880264282227,6.076042175292969,2.009207248687744,-0.17814863737706282,0.878339409828186,0.23561521464488713,-0.07627169540615324,0.023530072352130657,0.2487680952155677,0.0,18.0,2.0,0.9830537127720481,0.1833162173064107,-0.0007498516922886417,0.9,0.3370119631290436,0.008122342638671398,0.019225914031267166,0.5591700077056885,local_avoidance,SAFE_PROGRESSING,NONE,1,0,"0.074,6.069;-0.016,6.561;-0.106,7.053;-0.196,7.545;-0.285,8.036;-0.375,8.528;-0.465,9.020",0,1,PASS_THROUGH,-1,0.9625701409270939,0.2710317722504807,-0.00070867930538695,0.9,4.784237044895478,4.924468271125448,0.0,0,0,1,DIRECT_LOCAL,PASS_THROUGH,0,BLOCKED_UNKNOWN_OCCLUDED,1,4,0.0,18.0,2.0,0.0,18.0,2.0,1,
34,1.166667,0.033333,0.08143258839845657,6.083887577056885,2.009387731552124,-0.14905038028902814,0.8368324041366577,0.2586878364010941,-0.07799371239367783,0.022605974284103027,0.27113363116397143,0.0,18.0,2.0,0.9879227148884507,0.1549455168638393,-0.0007721471560785353,0.9,0.32767313718795776,0.015562012791633606,0.01754039153456688,0.3853740692138672,local_avoidance,SAFE_PROGRESSING,NONE,1,0,"0.078,6.076;-0.012,6.568;-0.102,7.060;-0.192,7.552;-0.282,8.043;-0.372,8.535;-0.462,9.027",0,1,PASS_THROUGH,-1,0.9625701409270939,0.2710317722504807,-0.00070867930538695,0.9,4.777063627106571,4.916672837613648,0.0,0,0,1,DIRECT_LOCAL,PASS_THROUGH,0,BLOCKED_UNKNOWN_OCCLUDED,1,4,0.0,18.0,2.0,0.0,18.0,2.0,1,
35,1.2,0.033333,0.08497948944568634,6.092598915100098,2.009441375732422,-0.12127566345245767,0.7807775735855103,0.2821980434712635,-0.0767312146215685,0.01800152740451683,0.29299738910987905,0.0,18.0,2.0,0.991804902708342,0.12775920450353503,-0.0007877996702901483,0.9,0.3273034691810608,0.016109760850667953,0.015098128467798233,0.28593629598617554,local_avoidance,SAFE_PROGRESSING,NONE,1,0,"0.081,6.084;-0.009,6.576;-0.099,7.067;-0.189,7.559;-0.279,8.051;-0.370,8.543;-0.460,9.035",0,1,PASS_THROUGH,-1,0.9625701409270939,0.2710317722504807,-0.00070867930538695,0.9,4.769092429423732,4.908012279227506,0.0,0,0,1,DIRECT_LOCAL,PASS_THROUGH,0,BLOCKED_UNKNOWN_OCCLUDED,1,4,0.0,18.0,2.0,0.0,18.0,2.0,1,
36,1.233333,0.033333,0.0882885754108429,6.102131366729736,2.0093424320220947,-0.09555878217785295,0.7137497067451477,0.30313228661657615,-0.07263992781208223,0.010843685376249912,0.31190275377828536,0.0,18.0,2.0,0.9947311520109229,0.10251490897118865,-0.0007928793420692832,0.9,0.3395982086658478,0.013272176496684551,0.01228953618556261,0.24905478954315186,local_avoidance,SAFE_PROGRESSING,NONE,1,0,"0.085,6.093;-0.005,6.584;-0.096,7.076;-0.186,7.568;-0.276,8.060;-0.367,8.551;-0.457,9.043",1,1,PASS_THROUGH,-1,0.9947314646837451,0.10251494119459477,0.0,0.9,4.760262267093105,4.898529417393909,0.0,0,0,1,DIRECT_LOCAL,PASS_THROUGH,0,BLOCKED_UNKNOWN_OCCLUDED,1,4,0.0,18.0,2.0,0.0,18.0,2.0,1,
37,1.266667,0.033333,0.09126625210046768,6.112363338470459,2.009089469909668,-0.0725028218333537,0.6394200921058655,0.320230680601569,-0.06672820780425848,0.0039022842873051786,0.32713234376620626,0.0,18.0,2.0,0.9968075317143118,0.07983813739771713,-0.0007851970990112144,0.9,0.3589812219142914,0.00816365610808134,0.010217380709946156,0.24297654628753662,local_avoidance,SAFE_PROGRESSING,NONE,1,0,"0.088,6.102;-0.002,6.594;-0.093,7.086;-0.183,7.577;-0.274,8.069;-0.364,8.561;-0.455,9.053",0,1,PASS_THROUGH,-1,0.9947311520109229,0.10251490897118865,-0.0007928793420692832,0.9,4.848019832926913,4.88834399359949,0.0,0,0,1,DIRECT_LOCAL,PASS_THROUGH,0,BLOCKED_UNKNOWN_OCCLUDED,1,4,0.0,18.0,2.0,0.0,18.0,2.0,1,
38,1.3,0.033333,0.09386977553367615,6.123166084289551,2.0087151527404785,-0.05234894526480811,0.5603422522544861,0.33434678741311713,-0.06029951090806414,-0.0002143710153536052,0.3397408589265591,0.0,18.0,2.0,0.9981986765382533,0.05999014548564577,-0.0007645926305592548,0.9,0.3758944272994995,-0.001929504331201315,0.00954620074480772,0.2185070812702179,local_avoidance,SAFE_PROGRESSING,NONE,1,0,"0.091,6.112;0.001,6.604;-0.090,7.096;-0.181,7.588;-0.271,8.079;-0.362,8.571;-0.452,9.063",0,1,PASS_THROUGH,-1,0.9947311520109229,0.10251490897118865,-0.0007928793420692832,0.9,4.837812664059772,4.877583551733089,0.0,0,0,1,DIRECT_LOCAL,PASS_THROUGH,0,BLOCKED_UNKNOWN_OCCLUDED,1,4,0.0,18.0,2.0,0.0,18.0,2.0,1,
39,1.333333,0.033333,0.09610943496227264,6.134458541870117,2.0082712173461914,-0.0351231294524557,0.4777701199054718,0.3473628241500791,-0.054542417625891355,-0.0008303741668262872,0.35161981804678305,0.0,18.0,2.0,0.9990742310773683,0.04301328140295516,-0.0007337711602696186,0.9,0.3852050006389618,-0.020581381395459175,0.010128039866685867,0.15206561982631683,local_avoidance,SAFE_PROGRESSING,NONE,1,0,"0.094,6.123;0.003,6.615;-0.088,7.107;-0.178,7.598;-0.269,8.090;-0.360,8.582;-0.450,9.073",0,1,PASS_THROUGH,-1,0.9947311520109229,0.10251490897118865,-0.0007928793420692832,0.9,4.827033271799362,4.866328802626835,0.0,0,0,1,DIRECT_LOCAL,PASS_THROUGH,0,BLOCKED_UNKNOWN_OCCLUDED,1,4,0.0,18.0,2.0,0.0,18.0,2.0,1,
40,1.366667,0.033333,0.09804168343544006,6.1462202072143555,2.007805347442627,-0.02084517600876382,0.39357009530067444,0.3607751293560425,-0.05052512113830156,0.001023937254843222,0.36429731027748624,0.0,18.0,2.0,0.9995808834633911,0.028940828042987383,-0.0006970557601827669,0.9,0.39233851432800293,-0.046557702124118805,0.011497365310788155,0.058332428336143494,local_avoidance,SAFE_PROGRESSING,NONE,1,0,"0.096,6.134;0.005,6.626;-0.086,7.118;-0.176,7.610;-0.267,8.101;-0.358,8.593;-0.449,9.085",0,1,PASS_THROUGH,-1,0.9947311520109229,0.10251490897118865,-0.0007928793420692832,0.9,4.815762204984817,4.8546007578755015,0.0,0,0,1,DIRECT_LOCAL,PASS_THROUGH,0,BLOCKED_UNKNOWN_OCCLUDED,1,4,0.0,18.0,2.0,0.0,18.0,2.0,1,
41,1.4,0.033333,0.09976297616958618,6.158464431762695,2.0073540210723877,-0.00949519894160416,0.31191185116767883,0.37508398446142555,-0.04924614222647675,0.003918646690758965,0.3783233190216224,0.0,18.0,2.0,0.9998419732400056,0.017764993550586555,-0.0006584464133924506,0.9,0.40329691767692566,-0.07142400741577148,0.013130735605955124,-0.029330329969525337,local_avoidance,SAFE_PROGRESSING,NONE,1,0,"0.098,6.146;0.007,6.638;-0.084,7.130;-0.175,7.621;-0.266,8.113;-0.356,8.605;-0.447,9.096",0,1,PASS_THROUGH,-1,0.9947311520109229,0.10251490897118865,-0.0007928793420692832,0.9,4.804020014625564,4.842387392701355,0.0,0,0,1,DIRECT_LOCAL,PASS_THROUGH,0,BLOCKED_UNKNOWN_OCCLUDED,1,4,0.0,18.0,2.0,0.0,18.0,2.0,1,
42,1.433333,0.033333,0.10140208154916763,6.171213626861572,2.0069377422332764,-0.0009622781426961316,0.23392753303050995,0.39007428093300517,-0.051380478271235056,0.0068924795934651555,0.39350400819779235,0.0,18.0,2.0,0.9999557504328963,0.009386773560033864,-0.0006210139419536007,0.9,0.4168206453323364,-0.08641011267900467,0.014957859180867672,-0.08604943752288818,local_avoidance,SAFE_PROGRESSING,NONE,1,0,"0.100,6.158;0.009,6.650;-0.082,7.142;-0.173,7.633;-0.264,8.125;-0.355,8.617;-0.446,9.108",1,1,PASS_THROUGH,-1,0.9999559432535773,0.009386775370078029,0.0,0.9,4.791793970474989,4.829668340980191,0.0,0,0,1,DIRECT_LOCAL,PASS_THROUGH,0,BLOCKED_UNKNOWN_OCCLUDED,1,4,0.0,18.0,2.0,0.0,18.0,2.0,1,
43,1.466667,0.033333,0.10309985280036926,6.1844801902771,2.006563186645508,0.004979326050904676,0.16098108887672424,0.405322118086169,-0.05682134033473447,0.009508415756240337,0.40939601133558645,0.0,18.0,2.0,0.9999933733842894,0.003592939588328674,-0.0005864917935558469,0.9,0.4276881814002991,-0.08948975056409836,0.017063938081264496,-0.11068037152290344,local_avoidance,SAFE_PROGRESSING,NONE,1,0,"0.101,6.171;0.010,6.663;-0.081,7.154;-0.172,7.646;-0.263,8.138;-0.354,8.629;-0.445,9.121",0,1,PASS_THROUGH,-1,0.9999557504328963,0.009386773560033864,-0.0006210139419536007,0.9,4.779033475272096,4.816433635564575,0.0,0,0,1,DIRECT_LOCAL,PASS_THROUGH,0,BLOCKED_UNKNOWN_OCCLUDED,1,4,0.0,18.0,2.0,0.0,18.0,2.0,1,
44,1.5,0.033333,0.10497517883777618,6.198264122009277,2.0062332153320312,0.008712145528652874,0.09598191827535629,0.42040436404358217,-0.0644343215531985,0.011403882605254052,0.4254664024801302,0.0,18.0,2.0,0.9999998456471755,1.3432177294287612e-05,-0.0005554504494039342,0.9,0.4325796365737915,-0.08692164719104767,0.019256697967648506,-0.12219572067260742,local_avoidance,SAFE_PROGRESSING,NONE,1,0,"0.103,6.184;0.012,6.676;-0.079,7.168;-0.170,7.659;-0.261,8.151;-0.352,8.643;-0.444,9.134",0,1,PASS_THROUGH,-1,0.9999557504328963,0.009386773560033864,-0.0006210139419536007,0.9,4.765750589431716,4.802685497779179,0.0,0,0,1,DIRECT_LOCAL,PASS_THROUGH,0,BLOCKED_UNKNOWN_OCCLUDED,1,4,0.0,18.0,2.0,0.0,18.0,2.0,1,
45,1.533333,0.033333,0.10709258913993835,6.21254825592041,2.005948305130005,0.010701096639204866,0.0413171611726284,0.43481452153551414,-0.07239584644293404,0.01209702207226844,0.4409661717902677,0.0,18.0,2.0,0.9999982289254136,-0.0018064368952627145,-0.0005281399243762583,0.9,0.4341379404067993,-0.08598816394805908,0.021279428154230118,-0.13619175553321838,local_avoidance,SAFE_PROGRESSING,NONE,1,0,"0.105,6.198;0.014,6.690;-0.077,7.181;-0.169,7.673;-0.260,8.165;-0.351,8.656;-0.442,9.148",0,1,PASS_THROUGH,-1,0.9999557504328963,0.009386773560033864,-0.0006210139419536007,0.9,4.751949188354708,4.788442494548821,0.0,0,0,1,DIRECT_LOCAL,PASS_THROUGH,0,BLOCKED_UNKNOWN_OCCLUDED,1,4,0.0,18.0,2.0,0.0,18.0,2.0,1,
46,1.566667,0.033333,0.10945230722427368,6.227296352386475,2.005708932876587,0.011333012927543667,-0.00253188400529325,0.44793480073322517,-0.07899967486064632,0.011479317427332868,0.4549926472643261,0.0,18.0,2.0,0.9999973460277402,-0.0022479561460821747,-0.0005046093949993481,0.9,0.43857112526893616,-0.08756832778453827,0.022937990725040436,-0.15066498517990112,local_avoidance,SAFE_PROGRESSING,NONE,1,0,"0.107,6.213;0.016,6.704;-0.075,7.196;-0.167,7.687;-0.258,8.179;-0.349,8.671;-0.441,9.162",0,1,PASS_THROUGH,-1,0.9999557504328963,0.009386773560033864,-0.0006210139419536007,0.9,4.737646047710769,4.7737411797488125,0.0,0,0,1,DIRECT_LOCAL,PASS_THROUGH,0,BLOCKED_UNKNOWN_OCCLUDED,1,4,0.0,18.0,2.0,0.0,18.0,2.0,1,
47,1.6,0.033333,0.1120080053806305,6.242453098297119,2.005516767501831,0.010838917077718875,-0.0366261750459671,0.4593128554649566,-0.08334900199194627,0.010294716518608454,0.4669275495369962,0.0,18.0,2.0,0.9999986934590496,-0.0015420583073536224,-0.00048490862099891656,0.9,0.4485798180103302,-0.08920107036828995,0.024244781583547592,-0.15885335206985474,local_avoidance,SAFE_PROGRESSING,NONE,1,0,"0.109,6.227;0.018,6.719;-0.073,7.210;-0.165,7.702;-0.256,8.194;-0.348,8.685;-0.439,9.177",0,1,PASS_THROUGH,-1,0.9999557504328963,0.009386773560033864,-0.0006210139419536007,0.9,4.722877709466077,4.758636307197893,0.0,0,0,1,DIRECT_LOCAL,PASS_THROUGH,0,BLOCKED_UNKNOWN_OCCLUDED,1,4,0.0,18.0,2.0,0.0,18.0,2.0,1,
48,1.633333,0.033333,0.11469777673482895,6.257956027984619,2.005375385284424,0.009368816291003432,-0.062443993985652924,0.469024089450949,-0.08549009422913614,0.009784695370597951,0.47685206611704406,0.0,18.0,2.0,0.999999877547513,0.0001573729649021905,-0.0004691894171511948,0.9,0.46196359395980835,-0.0902695506811142,0.025413352996110916,-0.1610766351222992,local_avoidance,SAFE_PROGRESSING,NONE,1,0,"0.112,6.242;0.020,6.734;-0.071,7.226;-0.163,7.717;-0.254,8.209;-0.346,8.700;-0.437,9.192",1,1,PASS_THROUGH,-1,0.9999999876168724,0.00015737298222413473,0.0,0.9,4.70770020534311,4.7431894062921245,0.0,0,0,1,DIRECT_LOCAL,PASS_THROUGH,0,BLOCKED_UNKNOWN_OCCLUDED,1,4,0.0,18.0,2.0,0.0,18.0,2.0,1,
49,1.666667,0.033333,0.11747003346681595,6.27375602722168,2.005291700363159,0.007095431504051681,-0.08124200254678726,0.47771044621703407,-0.08608250602450707,0.010828761398030549,0.48552521081994554,0.0,18.0,2.0,0.9999963244065212,0.0026723813713440047,-0.000457767685311125,0.9,0.4753023386001587,-0.0922393873333931,0.026614414528012276,-0.16263973712921143,local_avoidance,SAFE_PROGRESSING,NONE,1,0,"0.115,6.258;0.023,6.749;-0.069,7.241;-0.160,7.733;-0.252,8.224;-0.343,8.716;-0.435,9.207",0,1,PASS_THROUGH,-1,0.999999877547513,0.0001573729649021905,-0.0004691894171511948,0.9,4.692176774407945,4.72744875529609,0.0,0,0,1,DIRECT_LOCAL,PASS_THROUGH,0,BLOCKED_UNKNOWN_OCCLUDED,1,4,0.0,18.0,2.0,0.0,18.0,2.0,1,
50,1.7,0.033333,0.12029676139354706,6.2898335456848145,2.0052738189697266,0.004221538762235065,-0.09426380693912506,0.48623513093929693,-0.08598630669907772,0.013437867451906093,0.4939623708147799,0.0,18.0,2.0,0.999983102416948,0.005795796457236448,-0.00045124716269242236,0.9,0.48664116859436035,-0.09626775979995728,0.027867797762155533,-0.16725516319274902,local_avoidance,SAFE_PROGRESSING,NONE,1,0,"0.117,6.274;0.026,6.765;-0.066,7.257;-0.158,7.748;-0.250,8.240;-0.341,8.731;-0.433,9.223",0,1,PASS_THROUGH,-1,0.999999877547513,0.0001573729649021905,-0.0004691894171511948,0.9,4.676357117636358,4.71143346689675,0.0,0,0,1,DIRECT_LOCAL,PASS_THROUGH,0,BLOCKED_UNKNOWN_OCCLUDED,1,4,0.0,18.0,2.0,0.0,18.0,2.0,1,
51,1.733333,0.033333,0.12317617982625961,6.30619478225708,2.005324125289917,0.0009262470860429931,-0.10298629850149155,0.4952507746985943,-0.0859953872273762,0.016909071433317612,0.5029457755669902,0.0,18.0,2.0,0.9999562228218142,0.00934610266684072,-0.00045033861822560677,0.9,0.4954688549041748,-0.10205034166574478,0.02914486639201641,-0.1747646927833557,local_avoidance,SAFE_PROGRESSING,NONE,1,0,"0.120,6.290;0.028,6.781;-0.063,7.273;-0.155,7.764;-0.247,8.256;-0.339,8.747;-0.431,9.239",0,1,PASS_THROUGH,-1,0.999999877547513,0.0001573729649021905,-0.0004691894171511948,0.9,4.660261115464271,4.695137419665402,0.0,0,0,1,DIRECT_LOCAL,PASS_THROUGH,0,BLOCKED_UNKNOWN_OCCLUDED,1,4,0.0,18.0,2.0,0.0,18.0,2.0,1,
52,1.766667,0.033333,0.12612906098365784,6.322861194610596,2.005441188812256,-0.0026645783497910107,-0.10892275720834732,0.5049496878292877,-0.08670861430977815,0.02030882339100593,0.5127426443567417,0.0,18.0,2.0,0.9999128087272099,0.0131972600646424,-0.00045526920433110424,0.9,0.5019961595535278,-0.10826811194419861,0.03045019879937172,-0.1826542615890503,local_avoidance,SAFE_PROGRESSING,NONE,1,0,"0.123,6.306;0.031,6.798;-0.061,7.289;-0.153,7.781;-0.245,8.272;-0.337,8.764;-0.429,9.255",0,1,PASS_THROUGH,-1,0.999999877547513,0.0001573729649021905,-0.0004691894171511948,0.9,4.643882687758713,4.678539737968103,0.0,0,0,1,DIRECT_LOCAL,PASS_THROUGH,0,BLOCKED_UNKNOWN_OCCLUDED,1,4,0.0,18.0,2.0,0.0,18.0,2.0,1,
53,1.8,0.033333,0.1291913241147995,6.339849948883057,2.0056211948394775,-0.006467301253486571,-0.11328161507844925,0.5150597895288707,-0.08846342901673707,0.02289809586487299,0.5231029419312807,0.0,18.0,2.0,0.9998507989729015,0.017267388082422,-0.00046594212243495503,0.9,0.506702184677124,-0.11348716914653778,0.03181302547454834,-0.18820001184940338,local_avoidance,SAFE_PROGRESSING,NONE,1,0,"0.126,6.323;0.034,6.814;-0.058,7.306;-0.150,7.797;-0.242,8.289;-0.335,8.780;-0.427,9.271",0,1,PASS_THROUGH,-1,0.999999877547513,0.0001573729649021905,-0.0004691894171511948,0.9,4.6272003788543685,4.6616242368586835,0.0,0,0,1,DIRECT_LOCAL,PASS_THROUGH,0,BLOCKED_UNKNOWN_OCCLUDED,1,4,0.0,18.0,2.0,0.0,18.0,2.0,1,
54,1.833333,0.033333,0.13240420818328857,6.357163429260254,2.0058600902557373,-0.010417192447367789,-0.11678246408700943,0.5250161258307061,-0.09130134690693772,0.024346053482475694,0.533451589789998,0.0,18.0,2.0,0.9997688436249713,0.021494811896791772,-0.00048205633403987586,0.9,0.5101746320724487,-0.11683137714862823,0.03324221074581146,-0.18980488181114197,local_avoidance,SAFE_PROGRESSING,NONE,1,0,"0.129,6.340;0.037,6.831;-0.055,7.323;-0.148,7.814;-0.240,8.305;-0.332,8.797;-0.424,9.288",1,1,PASS_THROUGH,-1,0.9997689597872885,0.021494814394256233,0.0,0.9,4.6101970125804455,4.644389731266131,0.0,0,0,1,DIRECT_LOCAL,PASS_THROUGH,0,BLOCKED_UNKNOWN_OCCLUDED,1,4,0.0,18.0,2.0,0.0,18.0,2.0,1,
55,1.866667,0.033333,0.1358041614294052,6.374781608581543,2.006155490875244,-0.014457222248517265,-0.11967039853334427,0.5342008153505857,-0.09498096950702481,0.024740184939393832,0.5431426814756508,0.0,18.0,2.0,0.999666326086704,0.025826017667784057,-0.0005032889179217316,0.9,0.513367772102356,-0.11809337884187698,0.034680236130952835,-0.1870386004447937,local_avoidance,SAFE_PROGRESSING,NONE,1,0,"0.132,6.357;0.040,6.849;-0.052,7.340;-0.145,7.831;-0.237,8.323;-0.330,8.814;-0.422,9.305",0,1,PASS_THROUGH,-1,0.9997688436249713,0.021494811896791772,-0.00048205633403987586,0.9,4.592870276571515,4.626857446338408,0.0,0,0,1,DIRECT_LOCAL,PASS_THROUGH,0,BLOCKED_UNKNOWN_OCCLUDED,1,4,0.0,18.0,2.0,0.0,18.0,2.0,1,
56,1.9,0.033333,0.1394142061471939,6.392667770385742,2.0065083503723145,-0.01854113945621855,-0.12184908241033554,0.5421608244069396,-0.09905659434490227,0.024479025494804615,0.5516790653033684,0.0,18.0,2.0,0.9995431959047808,0.030217862171446952,-0.00052945844466678,0.9,0.5174036026000977,-0.11768471449613571,0.036017872393131256,-0.1805543750524521,local_avoidance,SAFE_PROGRESSING,NONE,1,0,"0.136,6.375;0.001,6.856;-0.134,7.338;-0.269,7.819;-0.404,8.300;-0.539,8.782;-0.674,9.263",0,1,PASS_THROUGH,-1,0.9997688436249713,0.021494811896791772,-0.00048205633403987586,0.9,4.575240414558171,4.609065078437444,0.0,0,0,1,DIRECT_LOCAL,PASS_THROUGH,0,BLOCKED_UNKNOWN_OCCLUDED,1,4,0.0,18.0,2.0,0.0,18.0,2.0,1,
57,1.933333,0.033333,0.14323945343494415,6.410775184631348,2.0069191455841064,-0.022637083397510045,-0.12305527925491333,0.5487487322575102,-0.10301133519810528,0.024113346533559284,0.558854148964261,0.0,18.0,2.0,0.9993996824906923,0.03464044293806348,-0.0005606697405229219,0.9,0.5231735706329346,-0.11646141111850739,0.03713666647672653,-0.1718662828207016,local_avoidance,SAFE_PROGRESSING,NONE,1,0,"0.139,6.393;0.004,6.874;-0.131,7.355;-0.266,7.837;-0.401,8.318;-0.537,8.800;-0.672,9.281",0,1,PASS_THROUGH,-1,0.9997688436249713,0.021494811896791772,-0.00048205633403987586,0.9,4.557344523964846,4.591059969071436,0.0,0,0,1,DIRECT_LOCAL,PASS_THROUGH,0,BLOCKED_UNKNOWN_OCCLUDED,1,4,0.0,18.0,2.0,0.0,18.0,2.0,1,
58,1.966667,0.033333,0.1472676545381546,6.429060935974121,2.0073885917663574,-0.026722039712576702,-0.12303706258535385,0.5541570909059658,-0.10640691612893981,0.024171519716327014,0.5647979953636794,0.0,18.0,2.0,0.9992362521611221,0.03907116550067947,-0.0005969869451389822,0.9,0.5310733318328857,-0.11545360088348389,0.0379486009478569,-0.16294769942760468,local_avoidance,SAFE_PROGRESSING,NONE,1,0,"0.143,6.411;0.008,6.892;-0.127,7.373;-0.263,7.855;-0.398,8.336;-0.534,8.817;-0.669,9.299",0,1,PASS_THROUGH,-1,0.9997688436249713,0.021494811896791772,-0.00048205633403987586,0.9,4.539229849814663,4.572885232728439,0.0,0,0,1,DIRECT_LOCAL,PASS_THROUGH,0,BLOCKED_UNKNOWN_OCCLUDED,1,4,0.0,18.0,2.0,0.0,18.0,2.0,1,
59,2.0,0.033333,0.15147440135478973,6.447493076324463,2.0079145431518555,-0.030771644285837885,-0.12171036005020142,0.5588509274009669,-0.10900347545907296,0.025008890461698782,0.5699311899880571,0.0,18.0,2.0,0.9990538931629892,0.04348460508546821,-0.0006384954469069359,0.9,0.5410386323928833,-0.11557891219854355,0.0384133942425251,-0.15562240779399872,local_avoidance,SAFE_PROGRESSING,NONE,1,0,"0.147,6.429;0.012,6.910;-0.124,7.392;-0.259,7.873;-0.395,8.354;-0.530,8.835;-0.666,9.317",0,1,PASS_THROUGH,-1,0.9997688436249713,0.021494811896791772,-0.00048205633403987586,0.9,4.520939889707329,4.554572677689128,0.0,0,0,1,DIRECT_LOCAL,PASS_THROUGH,0,BLOCKED_UNKNOWN_OCCLUDED,1,4,0.0,18.0,2.0,0.0,18.0,2.0,1,
60,2.033333,0.033333,0.15583163499832153,6.466059684753418,2.0084915161132812,-0.03475701704103353,-0.11924952268600464,0.5634313419073583,-0.11081414977343486,0.026721751658142043,0.5748466794243621,0.0,18.0,2.0,0.998854307521764,0.047849797005996036,-0.0006850340883976061,0.9,0.552339494228363,-0.11741022765636444,0.03855240345001221,-0.15108507871627808,local_avoidance,SAFE_PROGRESSING,NONE,1,0,"0.151,6.447;0.016,6.929;-0.120,7.410;-0.256,7.891;-0.391,8.372;-0.527,8.854;-0.663,9.335",1,1,PASS_THROUGH,-1,0.9988545418888771,0.047849808233277835,0.0,0.9,4.502507165080974,4.536133931831643,0.0,0,0,1,DIRECT_LOCAL,PASS_THROUGH,0,BLOCKED_UNKNOWN_OCCLUDED,1,4,0.0,18.0,2.0,0.0,18.0,2.0,1,
61,2.066667,0.033333,0.1603165566921234,6.484767913818359,2.009110689163208,-0.03865320077595691,-0.11606957018375397,0.5684756265181532,-0.1120852721867501,0.02912933433265351,0.580151845903336,0.0,18.0,2.0,0.998639544351624,0.05213941442603712,-0.000736152491679278,0.9,0.5638653635978699,-0.12112171947956085,0.03844313696026802,-0.1497378647327423,local_avoidance,SAFE_PROGRESSING,NONE,1,0,"0.156,6.466;0.020,6.947;-0.116,7.428;-0.252,7.910;-0.388,8.391;-0.524,8.872;-0.660,9.353",0,1,PASS_THROUGH,-1,0.998854307521764,0.047849797005996036,-0.0006850340883976061,0.9,4.483944107441615,4.5175616319889995,0.0,0,0,1,DIRECT_LOCAL,PASS_THROUGH,0,BLOCKED_UNKNOWN_OCCLUDED,1,4,0.0,18.0,2.0,0.0,18.0,2.0,1,
62,2.1,0.033333,0.1649187207221985,6.5036420822143555,2.009760856628418,-0.0424515050898678,-0.11271485686302185,0.574393673564209,-0.11321724060301257,0.03183481060852549,0.5863102344039615,0.0,18.0,2.0,0.9984111656569049,0.05634286501593765,-0.0007911089789424001,0.9,0.5748804211616516,-0.12663064897060394,0.03818212449550629,-0.15137358009815216,local_avoidance,SAFE_PROGRESSING,NONE,1,0,"0.160,6.485;0.024,6.966;-0.112,7.447;-0.248,7.928;-0.384,8.409;-0.520,8.890;-0.656,9.371",0,1,PASS_THROUGH,-1,0.998854307521764,0.047849797005996036,-0.0006850340883976061,0.9,4.46524400394962,4.498831561781975,0.0,0,0,1,DIRECT_LOCAL,PASS_THROUGH,0,BLOCKED_UNKNOWN_OCCLUDED,1,4,0.0,18.0,2.0,0.0,18.0,2.0,1,
63,2.133333,0.033333,0.16964341700077057,6.522715091705322,2.010430097579956,-0.046164452526072534,-0.10972455143928528,0.5813419047843995,-0.11465943678266477,0.034363400004282695,0.5935368901437603,0.0,18.0,2.0,0.9981695431501413,0.06047183153328817,-0.0008489513813108408,0.9,0.5844361782073975,-0.1332322508096695,0.0378887802362442,-0.15468032658100128,local_avoidance,SAFE_PROGRESSING,NONE,1,0,"0.165,6.504;0.029,6.985;-0.108,7.466;-0.244,7.947;-0.380,8.428;-0.517,8.909;-0.653,9.390",0,1,PASS_THROUGH,-1,0.998854307521764,0.047849797005996036,-0.0006850340883976061,0.9,4.446382945865447,4.479911391214673,0.0,0,0,1,DIRECT_LOCAL,PASS_THROUGH,0,BLOCKED_UNKNOWN_OCCLUDED,1,4,0.0,18.0,2.0,0.0,18.0,2.0,1,
64,2.166667,0.033333,0.1745109260082245,6.542017936706543,2.0111067295074463,-0.04981894224545065,-0.10748124122619629,0.5892082918393458,-0.11680321487067691,0.036286967252879686,0.6017691801420016,0.0,18.0,2.0,0.9979138198816533,0.06455371736401133,-0.000908660384630798,0.9,0.5925708413124084,-0.14022642374038696,0.03765733167529106,-0.15843427181243896,local_avoidance,SAFE_PROGRESSING,NONE,1,0,"0.170,6.523;0.033,7.004;-0.103,7.485;-0.240,7.966;-0.376,8.447;-0.513,8.928;-0.650,9.409",0,1,PASS_THROUGH,-1,0.998854307521764,0.047849797005996036,-0.0006850340883976061,0.9,4.427328486011095,4.460771215362291,0.0,0,0,1,DIRECT_LOCAL,PASS_THROUGH,0,BLOCKED_UNKNOWN_OCCLUDED,1,4,0.0,18.0,2.0,0.0,18.0,2.0,1,
65,2.2,0.033333,0.17955224215984344,6.561573505401611,2.011782646179199,-0.05344169019277979,-0.10614648461341858,0.5976682823338947,-0.1198923869927096,0.03735086621397449,0.6107181406947823,0.0,18.0,2.0,0.9976426030641334,0.06861703244720165,-0.0009692314273432657,0.9,0.5992647409439087,-0.1467037796974182,0.03755148872733116,-0.16112825274467468,local_avoidance,SAFE_PROGRESSING,NONE,1,0,"0.175,6.542;0.038,7.023;-0.099,7.504;-0.236,7.985;-0.372,8.466;-0.509,8.947;-0.646,9.428",0,1,PASS_THROUGH,-1,0.998854307521764,0.047849797005996036,-0.0006850340883976061,0.9,4.408050210218871,4.441389688748118,0.0,0,0,1,DIRECT_LOCAL,PASS_THROUGH,0,BLOCKED_UNKNOWN_OCCLUDED,1,4,0.0,18.0,2.0,0.0,18.0,2.0,1,
66,2.233333,0.033333,0.18480245769023895,6.581390380859375,2.0124518871307373,-0.057049184259847285,-0.10565418750047684,0.6062929496786001,-0.12397152648221536,0.03751633896772391,0.6199738348493824,0.0,18.0,2.0,0.9973547069792906,0.0726809991443599,-0.0010299658396196885,0.9,0.6051493883132935,-0.15210621058940887,0.037582069635391235,-0.16184113919734955,local_avoidance,SAFE_PROGRESSING,NONE,1,0,"0.180,6.562;0.043,7.042;-0.094,7.523;-0.231,8.004;-0.368,8.485;-0.505,8.966;-0.642,9.447",1,1,PASS_THROUGH,-1,0.9973552359914243,0.0726810376954693,0.0,0.9,4.388525997816327,4.421760060442703,0.0,0,0,1,DIRECT_LOCAL,PASS_THROUGH,0,BLOCKED_UNKNOWN_OCCLUDED,1,4,0.0,18.0,2.0,0.0,18.0,2.0,1,
67,2.266667,0.033333,0.19029343128204346,6.601462364196777,2.0131125450134277,-0.06064571364433305,-0.105758897960186,0.6146744763405002,-0.12888215025662994,0.03695936387233614,0.6291274235773612,0.0,18.0,2.0,0.9970495400930902,0.07675301781098263,-0.0010903472217613736,0.9,0.6107383370399475,-0.1564542055130005,0.037719640880823135,-0.16070908308029175,local_avoidance,SAFE_PROGRESSING,NONE,1,0,"0.185,6.581;0.048,7.062;-0.090,7.543;-0.227,8.024;-0.364,8.505;-0.501,8.985;-0.638,9.466",0,1,PASS_THROUGH,-1,0.9973547069792906,0.0726809991443599,-0.0010299658396196885,0.9,4.368748243548636,4.401890427912523,0.0,0,0,1,DIRECT_LOCAL,PASS_THROUGH,0,BLOCKED_UNKNOWN_OCCLUDED,1,4,0.0,18.0,2.0,0.0,18.0,2.0,1,
68,2.3,0.033333,0.19604797661304474,6.621770858764648,2.013765573501587,-0.06422911530855474,-0.1061353087425232,0.6225327788998019,-0.1343176968034756,0.03600249681179128,0.637874975411313,0.0,18.0,2.0,0.996726932871021,0.08083376959535812,-0.001150209777469769,0.9,0.6169549226760864,-0.16002148389816284,0.03788131847977638,-0.1580926477909088,local_avoidance,SAFE_PROGRESSING,NONE,1,0,"0.190,6.601;0.053,7.082;-0.085,7.563;-0.222,8.044;-0.360,8.524;-0.497,9.005;-0.634,9.486",0,1,PASS_THROUGH,-1,0.9973547069792906,0.0726809991443599,-0.0010299658396196885,0.9,4.348724310714761,4.3818011394669,0.0,0,0,1,DIRECT_LOCAL,PASS_THROUGH,0,BLOCKED_UNKNOWN_OCCLUDED,1,4,0.0,18.0,2.0,0.0,18.0,2.0,1,
69,2.333333,0.033333,0.20207689702510834,6.642294883728027,2.0144128799438477,-0.06779730537175813,-0.10647627711296082,0.6297821069028546,-0.13992240069158826,0.03504706408450066,0.6460898367032553,0.0,18.0,2.0,0.9963867636518272,0.08492322414469117,-0.0012096364364347731,0.9,0.6250503063201904,-0.16334988176822662,0.03794804960489273,-0.1545504480600357,local_avoidance,SAFE_PROGRESSING,NONE,1,0,"0.196,6.622;0.058,7.102;-0.079,7.583;-0.217,8.064;-0.355,8.544;-0.493,9.025;-0.630,9.506",0,1,PASS_THROUGH,-1,0.9973547069792906,0.0726809991443599,-0.0010299658396196885,0.9,4.3284740862328235,4.361514635365474,0.0,0,0,1,DIRECT_LOCAL,PASS_THROUGH,0,BLOCKED_UNKNOWN_OCCLUDED,1,4,0.0,18.0,2.0,0.0,18.0,2.0,1,
70,2.366667,0.033333,0.20837989449501038,6.6630144119262695,2.0150561332702637,-0.07134989934627893,-0.10656596720218658,0.636562488015345,-0.1453973999049202,0.03451244673965058,0.6538679637567164,0.0,18.0,2.0,0.9960288517801722,0.089022000558078,-0.0012687939586556011,0.9,0.6350436806678772,-0.1671723872423172,0.03784019872546196,-0.1512010395526886,local_avoidance,SAFE_PROGRESSING,NONE,1,0,"0.202,6.642;0.064,7.123;-0.074,7.603;-0.212,8.084;-0.350,8.565;-0.488,9.045;-0.626,9.526",0,1,PASS_THROUGH,-1,0.9973547069792906,0.0726809991443599,-0.0010299658396196885,0.9,4.307971679637006,4.341052082477426,0.0,0,0,1,DIRECT_LOCAL,PASS_THROUGH,0,BLOCKED_UNKNOWN_OCCLUDED,1,4,0.0,18.0,2.0,0.0,18.0,2.0,1,
71,2.4,0.033333,0.21494968235492706,6.683919906616211,2.0156946182250977,-0.0748865674236964,-0.10631430149078369,0.643210767610176,-0.1505838284487948,0.03469072239415093,0.6615126810426205,0.0,18.0,2.0,0.9956530904546342,0.09312980370694941,-0.0013278289200745884,0.9,0.6462543606758118,-0.17210380733013153,0.03753906115889549,-0.14910221099853516,local_avoidance,SAFE_PROGRESSING,NONE,1,0,"0.208,6.663;0.070,7.144;-0.068,7.624;-0.206,8.105;-0.345,8.585;-0.483,9.066;-0.621,9.546",0,1,PASS_THROUGH,-1,0.9973547069792906,0.0726809991443599,-0.0010299658396196885,0.9,4.287187617253777,4.320423942245193,0.0,0,0,1,DIRECT_LOCAL,PASS_THROUGH,0,BLOCKED_UNKNOWN_OCCLUDED,1,4,0.0,18.0,2.0,0.0,18.0,2.0,1,
72,2.433333,0.033333,0.22177788615226746,6.705014228820801,2.0163252353668213,-0.07840678337789968,-0.1057714968919754,0.6501520125967154,-0.15550117833933225,0.03562292161980848,0.6694380094476348,0.0,18.0,2.0,0.9952594541948612,0.09724554466215822,-0.001386679165183421,0.9,0.6578964591026306,-0.1786758303642273,0.037081725895404816,-0.14919492602348328,local_avoidance,SAFE_PROGRESSING,NONE,1,0,"0.215,6.684;0.076,7.164;-0.062,7.645;-0.201,8.125;-0.339,8.606;-0.478,9.086;-0.616,9.566",1,1,PASS_THROUGH,-1,0.9952604110780465,0.09724563815800612,0.0,0.9,4.266224078495229,4.2996282650556115,0.0,0,0,1,DIRECT_LOCAL,PASS_THROUGH,0,BLOCKED_UNKNOWN_OCCLUDED,1,4,0.0,18.0,2.0,0.0,18.0,2.0,1,
73,2.466667,0.033333,0.22886131703853607,6.726314544677734,2.0169425010681152,-0.08191376869892877,-0.10512809455394745,0.6577576118783341,-0.16033613645971373,0.037098838384824376,0.6780332414035616,0.0,18.0,2.0,0.9948475625759244,0.10137178602790338,-0.001445072404763756,0.9,0.6696104407310486,-0.187037855386734,0.036525238305330276,-0.15157628059387207,local_avoidance,SAFE_PROGRESSING,NONE,1,0,"0.222,6.705;0.083,7.185;-0.056,7.666;-0.195,8.146;-0.334,8.626;-0.473,9.107;-0.611,9.587",0,1,PASS_THROUGH,-1,0.9952594541948612,0.09724554466215822,-0.001386679165183421,0.9,4.24507958526385,4.2786490491520865,0.0,0,0,1,DIRECT_LOCAL,PASS_THROUGH,0,BLOCKED_UNKNOWN_OCCLUDED,1,4,0.0,18.0,2.0,0.0,18.0,2.0,1,
74,2.5,0.033333,0.23620665073394775,6.747846603393555,2.0175392627716064,-0.08541963117335594,-0.10466409474611282,0.6662432149865617,-0.16539187428404442,0.03877119413098387,0.687559233149524,0.0,18.0,2.0,0.9944160029431804,0.10552040328649838,-0.0015025247961553772,0.9,0.6808456778526306,-0.19688379764556885,0.035950884222984314,-0.15561486780643463,local_avoidance,SAFE_PROGRESSING,NONE,1,0,"0.229,6.726;0.090,7.207;-0.050,7.687;-0.189,8.167;-0.328,8.647;-0.467,9.127;-0.606,9.608",0,1,PASS_THROUGH,-1,0.9952594541948612,0.09724554466215822,-0.001386679165183421,0.9,4.2237383523862135,4.257462209406318,0.0,0,0,1,DIRECT_LOCAL,PASS_THROUGH,0,BLOCKED_UNKNOWN_OCCLUDED,1,4,0.0,18.0,2.0,0.0,18.0,2.0,1,
75,2.533333,0.033333,0.24383260309696198,6.7696356773376465,2.0181074142456055,-0.0889450010075308,-0.10463552176952362,0.6756314636308943,-0.17100946123507302,0.04027218538535974,0.698100250247518,0.0,18.0,2.0,0.9939621290401037,0.10971261284511233,-0.0015584019901041188,0.9,0.6917741894721985,-0.2077333927154541,0.03540705516934395,-0.16034957766532898,local_avoidance,SAFE_PROGRESSING,NONE,1,0,"0.236,6.748;0.097,7.228;-0.043,7.708;-0.182,8.188;-0.322,8.668;-0.461,9.149;-0.601,9.629",0,1,PASS_THROUGH,-1,0.9952594541948612,0.09724554466215822,-0.001386679165183421,0.9,4.2021760345201,4.236044813226131,0.0,0,0,1,DIRECT_LOCAL,PASS_THROUGH,0,BLOCKED_UNKNOWN_OCCLUDED,1,4,0.0,18.0,2.0,0.0,18.0,2.0,1,
76,2.566667,0.033333,0.2517688274383545,6.791705131530762,2.01863956451416,-0.0925116964868548,-0.10520067811012268,0.6857823702086875,-0.17748119481896876,0.04133890560910493,0.7095815238014392,0.0,18.0,2.0,0.9934826720196388,0.11397184703577778,-0.0016119801401129152,0.9,0.7022524476051331,-0.21921761333942413,0.0349261611700058,-0.16521213948726654,local_avoidance,SAFE_PROGRESSING,NONE,1,0,"0.244,6.770;0.104,7.250;-0.036,7.730;-0.176,8.210;-0.316,8.690;-0.455,9.170;-0.595,9.650",0,1,PASS_THROUGH,-1,0.9952594541948612,0.09724554466215822,-0.001386679165183421,0.9,4.180368872117968,4.214376566704085,0.0,0,0,1,DIRECT_LOCAL,PASS_THROUGH,0,BLOCKED_UNKNOWN_OCCLUDED,1,4,0.0,18.0,2.0,0.0,18.0,2.0,1,
77,2.6,0.033333,0.2600526511669159,6.814069747924805,2.019127368927002,-0.0961353749706454,-0.10639721900224686,0.6964703751291328,-0.18498605838045978,0.041865023064023954,0.7218334332682332,0.0,18.0,2.0,0.9929745594141584,0.11831635617768162,-0.0016625934842873676,0.9,0.7134301662445068,-0.23146605491638184,0.03444486856460571,-0.17036718130111694,local_avoidance,SAFE_PROGRESSING,NONE,1,0,"0.252,6.792;0.112,7.272;-0.029,7.752;-0.169,8.232;-0.309,8.711;-0.449,9.191;-0.590,9.671",0,1,PASS_THROUGH,-1,0.9952594541948612,0.09724554466215822,-0.001386679165183421,0.9,4.158295244675168,4.192446433114899,0.0,0,0,1,DIRECT_LOCAL,PASS_THROUGH,0,BLOCKED_UNKNOWN_OCCLUDED,1,4,0.0,18.0,2.0,0.0,18.0,2.0,1,
78,2.633333,0.033333,0.2687242925167084,6.836737155914307,2.019564151763916,-0.09982485092070245,-0.1082344725728035,0.7074868598230463,-0.19357509276645116,0.041965338335777355,0.7346904538534927,0.0,18.0,2.0,0.9924351317614648,0.12275824578589548,-0.0017094844759969689,0.9,0.7253098487854004,-0.24431614577770233,0.03390377014875412,-0.17557218670845032,local_avoidance,SAFE_PROGRESSING,NONE,1,0,"0.260,6.814;0.119,7.294;-0.021,7.774;-0.162,8.254;-0.302,8.733;-0.443,9.213;-0.584,9.693",1,1,PASS_THROUGH,-1,0.9924365818796821,0.12275842515678115,0.0,0.9,4.135942468872878,4.170251052173819,0.0,0,0,1,DIRECT_LOCAL,PASS_THROUGH,0,BYPASS_VISIBLE,1,4,0.0,18.0,2.0,0.0,18.0,2.0,1,
79,2.666667,0.033333,0.27782368659973145,6.859708786010742,2.019942283630371,-0.1035892156283336,-0.11069649457931519,0.7187310965161957,-0.2032029224254298,0.04187387858432748,0.748077027109711,0.0,18.0,2.0,0.9918614118743047,0.1273101331359927,-0.0017520375586737484,0.9,0.7377647757530212,-0.25787103176116943,0.033270224928855896,-0.1811380386352539,local_avoidance,SAFE_PROGRESSING,NONE,1,0,"0.269,6.837;0.128,7.316;-0.013,7.796;-0.154,8.276;-0.295,8.756;-0.436,9.235;-0.577,9.715",0,1,PASS_THROUGH,-1,0.9924351317614648,0.12275824578589548,-0.0017094844759969689,0.9,4.113305461993576,4.147793679378673,0.0,0,0,1,DIRECT_LOCAL,PASS_THROUGH,0,BYPASS_VISIBLE,1,4,0.0,18.0,2.0,0.0,18.0,2.0,1,
80,2.7,0.033333,0.2873885929584503,6.882984638214111,2.0202548503875732,-0.10744115560709014,-0.11372819542884827,0.7302280713184244,-0.21377762646798595,0.04180848000469862,0.7620248412748858,0.0,18.0,2.0,0.9912496786471291,0.13198815140161346,-0.0017895450673248265,0.9,0.7508385181427002,-0.27246102690696716,0.032517094165086746,-0.18767617642879486,local_avoidance,SAFE_PROGRESSING,NONE,1,0,"0.278,6.860;0.136,7.339;-0.005,7.819;-0.146,8.298;-0.288,8.778;-0.429,9.258;-0.571,9.737",0,1,PASS_THROUGH,-1,0.9924351317614648,0.12275824578589548,-0.0017094844759969689,0.9,4.090385846442084,4.125079357055402,0.0,0,0,1,DIRECT_LOCAL,PASS_THROUGH,0,BYPASS_VISIBLE,1,4,0.0,18.0,2.0,0.0,18.0,2.0,1,
81,2.733333,0.033333,0.2974546551704407,6.906567573547363,2.020493268966675,-0.11139830043248564,-0.117298923432827,0.7420919795143123,-0.22521566919940736,0.04191272042862937,0.7766461741656466,0.0,18.0,2.0,0.9905952028924182,0.13681310853030168,-0.0018213568582258948,0.9,0.764579176902771,-0.2880740761756897,0.03165539726614952,-0.1950511336326599,local_avoidance,SAFE_PROGRESSING,NONE,1,0,"0.287,6.883;0.146,7.362;0.004,7.842;-0.138,8.321;-0.280,8.801;-0.422,9.280;-0.564,9.760",0,1,PASS_THROUGH,-1,0.9924351317614648,0.12275824578589548,-0.0017094844759969689,0.9,4.067187217216072,4.102110656847984,0.0,0,0,1,DIRECT_LOCAL,PASS_THROUGH,0,BYPASS_VISIBLE,1,4,0.0,18.0,2.0,0.0,18.0,2.0,1,
82,2.766667,0.033333,0.30805689096450806,6.930463790893555,2.0206491947174072,-0.115483580728448,-0.12140899151563644,0.7544763264559052,-0.23747985651557163,0.042261350017432635,0.7920967309226508,0.0,18.0,2.0,0.9898920537050336,0.14181083115949025,-0.0018466665874945028,0.9,0.780615508556366,-0.30536094307899475,0.03060687519609928,-0.20387092232704163,local_avoidance,SAFE_PROGRESSING,NONE,1,0,"0.297,6.907;0.155,7.386;0.013,7.865;-0.129,8.345;-0.272,8.824;-0.414,9.303;-0.556,9.782",0,1,PASS_THROUGH,-1,0.9924351317614648,0.12275824578589548,-0.0017094844759969689,0.9,4.0437108862511435,4.0788873214033865,0.0,0,0,1,DIRECT_LOCAL,PASS_THROUGH,0,BYPASS_VISIBLE,1,4,0.0,18.0,2.0,0.0,18.0,2.0,1,
83,2.8,0.033333,0.3192315101623535,6.954685211181641,2.0207104682922363,-0.11972503441979686,-0.1262000948190689,0.7675678945391842,-0.25059807722665106,0.04299122229667907,0.8085840180411515,0.0,18.0,2.0,0.9891329396381436,0.14701207665699753,-0.0018646822253675028,0.9,0.7970062494277954,-0.32420527935028076,0.029484901577234268,-0.21433036029338837,local_avoidance,SAFE_PROGRESSING,NONE,1,0,"0.308,6.930;0.165,7.410;0.022,7.889;-0.120,8.368;-0.263,8.847;-0.406,9.326;-0.549,9.806",0,1,PASS_THROUGH,-1,0.9924351317614648,0.12275824578589548,-0.0017094844759969689,0.9,4.019755037401332,4.05540404669595,0.0,0,0,1,DIRECT_LOCAL,PASS_THROUGH,0,BYPASS_VISIBLE,1,4,0.0,18.0,2.0,0.0,18.0,2.0,1,
84,2.833333,0.033333,0.33101919293403625,6.979247570037842,2.0206665992736816,-0.12415863111786453,-0.13176070153713226,0.7815626337780899,-0.26466673909994376,0.044087002501782914,0.8263366729690353,0.0,18.0,2.0,0.9883085653852013,0.15245545820720258,-0.001874259607773253,0.9,0.8130884766578674,-0.3443993628025055,0.02841000258922577,-0.22627952694892883,local_avoidance,SAFE_PROGRESSING,NONE,1,0,"0.319,6.955;0.176,7.434;0.033,7.913;-0.111,8.392;-0.254,8.871;-0.397,9.350;-0.541,9.829",1,1,PASS_THROUGH,-1,0.9883103012791908,0.15245572598441592,0.0,0.9,3.995433263329221,4.031652677705568,0.0,0,0,1,DIRECT_LOCAL,PASS_THROUGH,0,BYPASS_VISIBLE,1,4,0.0,18.0,2.0,0.0,18.0,2.0,1,
85,2.866667,0.033333,0.343466192483902,7.004171848297119,2.0205061435699463,-0.1288196666023035,-0.13805672526359558,0.7965794089754523,-0.27981803111962616,0.045344862296964,0.8455134782367905,0.0,18.0,2.0,0.9874086453652072,0.15817918225910013,-0.0018743953395011204,0.9,0.829124927520752,-0.3653435707092285,0.027494560927152634,-0.23865419626235962,local_avoidance,SAFE_PROGRESSING,NONE,1,0,"0.331,6.979;0.187,7.458;0.043,7.937;-0.101,8.416;-0.244,8.895;-0.388,9.374;-0.532,9.852",0,1,PASS_THROUGH,-1,0.9883085653852013,0.15245545820720258,-0.001874259607773253,0.9,3.970797795290925,4.007620986728769,0.0,0,0,1,DIRECT_LOCAL,PASS_THROUGH,0,BYPASS_VISIBLE,1,4,0.0,18.0,2.0,0.0,18.0,2.0,1,
86,2.9,0.033333,0.3566243648529053,7.029478073120117,2.0202198028564453,-0.1337356147784505,-0.14502792060375214,0.8126148746242023,-0.2961643156759086,0.04649965855237565,0.8661515194154974,0.0,18.0,2.0,0.9864229634214037,0.16421407606226593,-0.0018639897941117403,0.9,0.8442052602767944,-0.38695698976516724,0.026861224323511124,-0.2518412470817566,local_avoidance,SAFE_PROGRESSING,NONE,1,0,"0.343,7.004;0.199,7.483;0.055,7.962;-0.090,8.440;-0.234,8.919;-0.379,9.398;-0.523,9.876",0,1,PASS_THROUGH,-1,0.9883085653852013,0.15245545820720258,-0.001874259607773253,0.9,3.9458335612911553,3.98329902406031,0.0,0,0,1,DIRECT_LOCAL,PASS_THROUGH,0,BYPASS_VISIBLE,1,4,0.0,18.0,2.0,0.0,18.0,2.0,1,
87,2.933333,0.033333,0.37054863572120667,7.055180072784424,2.01979923248291,-0.13892133709414017,-0.1525462418794632,0.829541471482186,-0.3137519385178991,0.04725913093098663,0.8881513144104005,0.0,18.0,2.0,0.9853423052036723,0.17057886195074487,-0.0018421268962282417,0.9,0.8581525087356567,-0.408102422952652,0.026600508019328117,-0.2643502950668335,local_avoidance,SAFE_PROGRESSING,NONE,1,0,"0.357,7.029;0.212,7.508;0.067,7.986;-0.078,8.465;-0.224,8.943;-0.369,9.422;-0.514,9.900",0,1,PASS_THROUGH,-1,0.9883085653852013,0.15245545820720258,-0.001874259607773253,0.9,3.9205275233513746,3.9586843420430693,0.0,0,0,1,DIRECT_LOCAL,PASS_THROUGH,0,BYPASS_VISIBLE,1,4,0.0,18.0,2.0,0.0,18.0,2.0,1,
88,2.966667,0.033333,0.38529354333877563,7.0812859535217285,2.019240379333496,-0.14437703181884892,-0.16039302945137024,0.8471220876378245,-0.332525509269164,0.04737879178155435,0.9112814030744085,0.0,18.0,2.0,0.9841591663914341,0.1772779356450159,-0.0018079660282239627,0.9,0.8718307018280029,-0.4275645315647125,0.026767950505018234,-0.27427834272384644,local_avoidance,SAFE_PROGRESSING,NONE,1,0,"0.371,7.055;0.225,7.533;0.079,8.012;-0.066,8.490;-0.212,8.968;-0.358,9.447;-0.504,9.925",0,1,PASS_THROUGH,-1,0.9883085653852013,0.15245545820720258,-0.001874259607773253,0.9,3.8948741329939733,3.933781408368352,0.0,0,0,1,DIRECT_LOCAL,PASS_THROUGH,0,BYPASS_VISIBLE,1,4,0.0,18.0,2.0,0.0,18.0,2.0,1,
89,3.0,0.033333,0.4009082317352295,7.107793807983398,2.0185446739196777,-0.15008434907964777,-0.16831183433532715,0.8650712756752295,-0.35228392091162886,0.0467678572045809,0.9352216343727019,0.0,18.0,2.0,0.9828689654480774,0.18429730184759396,-0.0017610481887375526,0.9,0.8841246962547302,-0.44476866722106934,0.027473101392388344,-0.28104329109191895,local_avoidance,SAFE_PROGRESSING,NONE,1,0,"0.385,7.081;0.239,7.559;0.093,8.037;-0.054,8.516;-0.200,8.994;-0.347,9.472;-0.493,9.950",0,1,PASS_THROUGH,-1,0.9883085653852013,0.15245545820720258,-0.001874259607773253,0.9,3.868875031274556,3.9086055897249112,0.0,0,0,1,DIRECT_LOCAL,PASS_THROUGH,0,BYPASS_VISIBLE,1,4,0.0,18.0,2.0,0.0,18.0,2.0,1,
90,3.033333,0.033333,0.4174308478832245,7.134693145751953,2.0177175998687744,-0.15600803343908737,-0.17587877810001373,0.8831087953063474,-0.37266523857336054,0.04538588217795557,0.9595938738286314,0.0,18.0,2.0,0.9814704836725643,0.19160583207927792,-0.001701409048523743,0.9,0.896267294883728,-0.45984286069869995,0.028654493391513824,-0.28423213958740234,local_avoidance,SAFE_PROGRESSING,NONE,1,0,"0.401,7.108;0.254,7.586;0.107,8.064;-0.040,8.541;-0.187,9.019;-0.335,9.497;-0.482,9.975",1,1,PASS_THROUGH,-1,0.9814719042524689,0.19160610940946682,0.0,0.9,3.8425198013389705,3.883181268267392,0.0,0,0,1,DIRECT_LOCAL,PASS_THROUGH,0,BYPASS_VISIBLE,1,4,0.0,18.0,2.0,0.0,18.0,2.0,1,
91,3.066667,0.033333,0.434883713722229,7.161965847015381,2.016772747039795,-0.16210253986762088,-0.18266786634922028,0.9009944242402139,-0.39318819763711554,0.04336297079714087,0.9840062288976791,0.0,18.0,2.0,0.979965352889796,0.19916137179677246,-0.0016294537750982205,0.9,0.9080546498298645,-0.473430335521698,0.030247732996940613,-0.28451254963874817,local_avoidance,SAFE_PROGRESSING,NONE,1,0,"0.417,7.135;0.270,7.612;0.122,8.090;-0.026,8.568;-0.174,9.045;-0.322,9.523;-0.470,10.001",0,1,PASS_THROUGH,-1,0.9814704836725643,0.19160583207927792,-0.001701409048523743,0.9,3.8154458640821702,3.857540355973014,0.0,0,0,1,DIRECT_LOCAL,PASS_THROUGH,0,BYPASS_VISIBLE,1,4,0.0,18.0,2.0,0.0,18.0,2.0,1,
92,3.1,0.033333,0.4532712996006012,7.189593315124512,2.0157268047332764,-0.1683266533521341,-0.18831993639469147,0.9185684057304369,-0.4133554048900321,0.04098619106822698,1.0081222518207997,0.0,18.0,2.0,0.978355647809514,0.20692470912074024,-0.0015463358378138448,0.9,0.9218215346336365,-0.4870125353336334,0.03191162645816803,-0.2834365665912628,local_avoidance,SAFE_PROGRESSING,NONE,1,0,"0.435,7.162;0.245,7.625;0.055,8.087;-0.134,8.550;-0.324,9.012;-0.514,9.475;-0.703,9.938",0,1,PASS_THROUGH,-1,0.9814704836725643,0.19160583207927792,-0.001701409048523743,0.9,3.7880643139060797,3.8317147416767474,0.0,0,0,1,DIRECT_LOCAL,PASS_THROUGH,0,BYPASS_VISIBLE,1,4,0.0,18.0,2.0,0.0,18.0,2.0,1,
93,3.133333,0.033333,0.4725821614265442,7.21755313873291,2.0145952701568604,-0.17465262263234788,-0.19275188446044922,0.9358099542012132,-0.43278670306296757,0.03885316378835567,1.031772343623609,0.0,18.0,2.0,0.9766419449739826,0.21486832861114386,-0.0014535051735783374,0.9,0.9379321336746216,-0.5014351606369019,0.0333419032394886,-0.28246748447418213,local_avoidance,SAFE_PROGRESSING,NONE,1,0,"0.453,7.190;0.304,7.667;0.154,8.144;0.005,8.621;-0.145,9.098;-0.294,9.575;-0.444,10.052",0,1,PASS_THROUGH,-1,0.9814704836725643,0.19160583207927792,-0.001701409048523743,0.9,3.7604081077799716,3.8057394727702443,0.0,0,0,1,DIRECT_LOCAL,PASS_THROUGH,0,BYPASS_VISIBLE,1,4,0.0,18.0,2.0,0.0,18.0,2.0,1,
94,3.166667,0.033333,0.4927963614463806,7.24583101272583,2.013389825820923,-0.18107358611380206,-0.19614535570144653,0.9528937999306184,-0.4513333339855821,0.037653418380132135,1.055047938355629,0.0,18.0,2.0,0.9748212310823409,0.22298371841189413,-0.0013523144289171022,0.9,0.9546056389808655,-0.5164278149604797,0.034464992582798004,-0.2820500135421753,local_avoidance,SAFE_PROGRESSING,NONE,1,0,"0.473,7.218;0.281,7.679;0.090,8.141;-0.102,8.603;-0.293,9.065;-0.485,9.527;-0.676,9.989",0,1,PASS_THROUGH,-1,0.9814704836725643,0.19160583207927792,-0.001701409048523743,0.9,3.7325151742755516,3.779641305936492,0.0,0,0,1,DIRECT_LOCAL,PASS_THROUGH,0,BYPASS_VISIBLE,1,4,0.0,18.0,2.0,0.0,18.0,2.0,1,
95,3.2,0.033333,0.5138943791389465,7.274420261383057,2.012117624282837,-0.18759236537597554,-0.1986406147480011,0.9701186336783317,-0.4690898968984985,0.03763449628835669,1.0782355262617884,0.0,18.0,2.0,0.9728885739097639,0.23127100072550838,-0.001243776204867575,0.9,0.9712516665458679,-0.53202223777771,0.0352180078625679,-0.28283604979515076,local_avoidance,SAFE_PROGRESSING,NONE,1,0,"0.493,7.246;0.300,7.707;0.108,8.169;-0.084,8.630;-0.277,9.092;-0.469,9.553;-0.661,10.015",0,1,PASS_THROUGH,-1,0.9814704836725643,0.19160583207927792,-0.001701409048523743,0.9,3.704416204321108,3.7534399437604744,0.0,0,0,1,DIRECT_LOCAL,PASS_THROUGH,0,BYPASS_VISIBLE,1,4,0.0,18.0,2.0,0.0,18.0,2.0,1,
96,3.233333,0.033333,0.5358639359474182,7.3033246994018555,2.0107803344726562,-0.19420572839520997,-0.20037761330604553,0.9877516746451487,-0.486303504400073,0.03851978312458642,1.1016479668424268,0.0,18.0,2.0,0.9708403345768057,0.23972436518733714,-0.0011284920577028055,0.9,0.9866740703582764,-0.5465733408927917,0.03586352616548538,-0.28255224227905273,local_avoidance,SAFE_PROGRESSING,NONE,1,0,"0.514,7.274;0.321,7.736;0.127,8.197;-0.066,8.658;-0.259,9.119;-0.453,9.580;-0.646,10.041",1,1,PASS_THROUGH,-1,0.970840952757224,0.23972451783129217,0.0,0.9,3.6757570690660675,3.7271459716299997,0.0,0,0,1,DIRECT_LOCAL,PASS_THROUGH,0,BYPASS_VISIBLE,1,4,0.0,18.0,2.0,0.0,18.0,2.0,1,
97,3.266667,0.033333,0.5587018132209778,7.332550048828125,2.00937819480896,-0.2008990539034529,-0.20139963924884796,1.0058920064383468,-0.5032296296870751,0.03955869602609445,1.1254437699160444,0.0,18.0,2.0,0.9686755867939505,0.2483275949020427,-0.0010065582758053881,0.9,0.9998487234115601,-0.559219241142273,0.036740340292453766,-0.2799626886844635,local_avoidance,SAFE_PROGRESSING,NONE,1,0,"0.536,7.303;0.342,7.764;0.147,8.225;-0.047,8.685;-0.241,9.146;-0.436,9.607;-0.630,10.068",0,1,PASS_THROUGH,-1,0.9708403345768057,0.23972436518733714,-0.0011284920577028055,0.9,3.646702699192721,3.700769805339413,0.0,0,0,1,DIRECT_LOCAL,PASS_THROUGH,0,BYPASS_VISIBLE,1,4,0.0,18.0,2.0,0.0,18.0,2.0,1,
98,3.3,0.033333,0.5824098587036133,7.362102508544922,2.0079143047332764,-0.20763349074430137,-0.20155446231365204,1.0243870653410145,-0.5199815070135484,0.039777004385137635,1.1494919909907646,0.0,18.0,2.0,0.9663998549257423,0.25704192192157904,-0.0008779375634857667,0.9,1.0109328031539917,-0.5694270730018616,0.038107842206954956,-0.2736310362815857,local_avoidance,SAFE_PROGRESSING,NONE,1,0,"0.559,7.333;0.363,7.793;0.168,8.253;-0.027,8.713;-0.223,9.174;-0.418,9.634;-0.613,10.094",0,1,PASS_THROUGH,-1,0.9708403345768057,0.23972436518733714,-0.0011284920577028055,0.9,3.617460417307526,3.674322879814837,0.0,0,0,1,DIRECT_LOCAL,PASS_THROUGH,0,BYPASS_VISIBLE,1,4,0.0,18.0,2.0,0.0,18.0,2.0,1,
99,3.333333,0.033333,0.6069865822792053,7.3919782638549805,2.0063982009887695,-0.21434576729255822,-0.20059674978256226,1.0428430942478502,-0.5364528910746196,0.03840196744554297,1.1733618941598694,0.0,18.0,2.0,0.964026314483806,0.26580578086616413,-0.0007428599455858178,0.9,1.021061897277832,-0.5780393481254578,0.039898574352264404,-0.2646077275276184,local_avoidance,SAFE_PROGRESSING,NONE,1,0,"0.582,7.362;0.386,7.822;0.190,8.282;-0.007,8.741;-0.203,9.201;-0.400,9.661;-0.596,10.121",0,1,PASS_THROUGH,-1,0.9708403345768057,0.23972436518733714,-0.0011284920577028055,0.9,3.495632024873509,3.6478271301600653,0.0,0,0,1,DIRECT_LOCAL,PASS_THROUGH,0,BYPASS_VISIBLE,1,4,0.0,18.0,2.0,0.0,18.0,2.0,1,
100,3.366667,0.033333,0.6324191689491272,7.422160625457764,2.0048458576202393,-0.2209645073481762,-0.19836567342281342,1.060754258864575,-0.5523531585404778,0.0353085202497583,1.1964699331998292,0.0,18.0,2.0,0.9615726291277972,0.27455002515525756,-0.0006021623565835991,0.9,1.0324825048446655,-0.5859712958335876,0.04174845293164253,-0.2542288303375244,local_avoidance,SAFE_PROGRESSING,NONE,1,0,"0.607,7.392;0.409,7.851;0.212,8.311;0.014,8.770;-0.183,9.229;-0.381,9.689;-0.578,10.148",0,1,PASS_THROUGH,-1,0.9708403345768057,0.23972436518733714,-0.0011284920577028055,0.9,3.4675577040797707,3.6213166245523105,0.0,0,0,1,DIRECT_LOCAL,PASS_THROUGH,0,BYPASS_VISIBLE,1,4,0.0,18.0,2.0,0.0,18.0,2.0,1,
101,3.4,0.033333,0.6586789488792419,7.452624797821045,2.003274917602539,-0.22743766853690622,-0.1949349045753479,1.0777198543957733,-0.5673444524544959,0.031228797287524014,1.2183328978853702,0.0,18.0,2.0,0.9590537806289618,0.28322365144933215,-0.00045729749880738364,0.9,1.0441898107528687,-0.5932254791259766,0.04351939260959625,-0.2434956431388855,local_avoidance,SAFE_PROGRESSING,NONE,1,0,"0.632,7.422;0.434,7.881;0.235,8.340;0.036,8.799;-0.163,9.257;-0.361,9.716;-0.560,10.175",0,1,PASS_THROUGH,-1,0.9708403345768057,0.23972436518733714,-0.0011284920577028055,0.9,3.439453934079076,3.5948317909460794,0.0,0,0,1,DIRECT_LOCAL,PASS_THROUGH,0,BYPASS_VISIBLE,1,4,0.0,18.0,2.0,0.0,18.0,2.0,1,
102,3.433333,0.033333,0.6857246160507202,7.483338832855225,2.0017037391662598,-0.23374217461789365,-0.19043661653995514,1.0935896764800916,-0.5811824147917957,0.027179325512042295,1.2387292260628808,0.0,18.0,2.0,0.9564785694149823,0.2918024163996061,-0.00030989227155182354,0.9,1.0566527843475342,-0.59971684217453,0.04507111757993698,-0.23265708982944489,local_avoidance,SAFE_PROGRESSING,NONE,1,0,"0.659,7.453;0.459,7.911;0.259,8.369;0.059,8.827;-0.141,9.286;-0.341,9.744;-0.541,10.202",1,1,PASS_THROUGH,-1,0.9564786153418441,0.29180243041096987,0.0,0.9,3.411369366964196,3.568418363925475,0.0,0,0,1,DIRECT_LOCAL,PASS_THROUGH,0,BYPASS_VISIBLE,1,4,0.0,18.0,2.0,0.0,18.0,2.0,1,
103,3.466667,0.033333,0.7135083079338074,7.514276027679443,2.0001511573791504,-0.23986767661096597,-0.18503239750862122,1.1084549850884347,-0.5937693382218409,0.024042616327129188,1.257701287420689,0.0,18.0,2.0,0.9538532011726671,0.30027328299156303,-0.0001616605202299621,0.9,1.0692753791809082,-0.6047349572181702,0.04658699035644531,-0.22014406323432922,local_avoidance,SAFE_PROGRESSING,NONE,1,0,"0.686,7.483;0.485,7.941;0.283,8.399;0.082,8.857;-0.119,9.314;-0.320,9.772;-0.522,10.230",0,1,PASS_THROUGH,-1,0.9564785694149823,0.2918024163996061,-0.00030989227155182354,0.9,3.374903481430675,3.542115549096245,0.0,0,0,1,DIRECT_LOCAL,PASS_THROUGH,0,BYPASS_VISIBLE,1,4,0.0,18.0,2.0,0.0,18.0,2.0,1,
104,3.5,0.033333,0.741981029510498,7.545416831970215,1.9986371994018555,-0.2458020933307994,-0.1788221150636673,1.122548091323197,-0.6051179832123205,0.02220976495118091,1.2754510043900102,0.0,18.0,2.0,0.9511850512367199,0.3086211238670298,-1.4382282469765005e-05,0.9,1.082459807395935,-0.6087969541549683,0.04810788109898567,-0.20619803667068481,local_avoidance,SAFE_PROGRESSING,NONE,1,0,"0.714,7.514;0.511,7.971;0.308,8.429;0.106,8.886;-0.097,9.343;-0.299,9.800;-0.502,10.257",0,1,PASS_THROUGH,-1,0.9564785694149823,0.2918024163996061,-0.00030989227155182354,0.9,3.34611581507039,3.5159547217667866,0.0,0,0,1,DIRECT_LOCAL,PASS_THROUGH,0,BYPASS_VISIBLE,1,4,0.0,18.0,2.0,0.0,18.0,2.0,1,
105,3.533333,0.033333,0.7710952758789062,7.576750755310059,1.9971799850463867,-0.2515232500664334,-0.17183531820774078,1.1361278855402588,-0.6152854375810076,0.02161262955889623,1.2922189627760001,0.0,18.0,2.0,0.9484852294807581,0.3168213259074161,0.00013002730589238305,0.9,1.0960294008255005,-0.6129697561264038,0.04949512332677841,-0.1928340494632721,local_avoidance,SAFE_PROGRESSING,NONE,1,0,"0.742,7.545;0.538,8.002;0.334,8.459;0.130,8.915;-0.073,9.372;-0.277,9.828;-0.481,10.285",0,1,PASS_THROUGH,-1,0.9564785694149823,0.2918024163996061,-0.00030989227155182354,0.9,3.3174572847317556,3.489957884561157,0.0,0,0,1,DIRECT_LOCAL,PASS_THROUGH,0,BYPASS_VISIBLE,1,4,0.0,18.0,2.0,0.0,18.0,2.0,1,
106,3.566667,0.033333,0.8008067011833191,7.608276844024658,1.9957928657531738,-0.25700614261046634,-0.16416512429714203,1.149407779004243,-0.6243565074181392,0.02196778724012545,1.3082208813755691,0.0,18.0,2.0,0.9457665226391926,0.32484705917683016,0.00026981314769040443,0.9,1.1097972393035889,-0.6171686053276062,0.050740357488393784,-0.17995604872703552,local_avoidance,SAFE_PROGRESSING,NONE,1,0,"0.771,7.577;0.566,8.033;0.361,8.489;0.155,8.945;-0.050,9.401;-0.255,9.856;-0.460,10.312",0,1,PASS_THROUGH,-1,0.9564785694149823,0.2918024163996061,-0.00030989227155182354,0.9,3.288960746809702,3.464137503638315,0.0,0,0,1,DIRECT_LOCAL,PASS_THROUGH,0,BYPASS_VISIBLE,1,4,0.0,18.0,2.0,0.0,18.0,2.0,1,
107,3.6,0.033333,0.8310744166374207,7.639998912811279,1.9944853782653809,-0.26223173303572683,-0.15597541630268097,1.162516927341151,-0.632448005084553,0.022997714232815804,1.3236181399293665,0.0,18.0,2.0,0.9430404723771135,0.332677778818126,0.00040365751406355927,0.9,1.1229438781738281,-0.6201261281967163,0.05225744470953941,-0.16486144065856934,local_avoidance,SAFE_PROGRESSING,NONE,1,0,"0.801,7.608;0.594,8.064;0.388,8.519;0.181,8.974;-0.026,9.430;-0.232,9.885;-0.439,10.340",0,1,PASS_THROUGH,-1,0.9564785694149823,0.2918024163996061,-0.00030989227155182354,0.9,3.2606493772838965,3.4385013423762816,0.0,0,0,1,DIRECT_LOCAL,PASS_THROUGH,0,BYPASS_VISIBLE,1,4,0.0,18.0,2.0,0.0,18.0,2.0,1,
108,3.633333,0.033333,0.8618611097335815,7.671926498413086,1.993269920349121,-0.26718444585251233,-0.1473023146390915,1.1754764999008624,-0.6396712830344332,0.024381529393772056,1.3384763020441115,0.0,18.0,2.0,0.9403179306514023,0.34029679364439663,0.0005305947676755216,0.9,1.1357759237289429,-0.6210384964942932,0.05438588187098503,-0.14534828066825867,local_avoidance,SAFE_PROGRESSING,NONE,1,0,"0.831,7.640;0.623,8.095;0.415,8.549;0.207,9.004;-0.001,9.459;-0.209,9.913;-0.417,10.368",1,1,PASS_THROUGH,-1,0.9403180630156635,0.3402968415464223,0.0,0.9,3.2222833220312648,3.4130516434333753,0.0,0,0,1,DIRECT_LOCAL,PASS_THROUGH,0,BYPASS_VISIBLE,1,4,0.0,18.0,2.0,0.0,18.0,2.0,1,
109,3.666667,0.033333,0.8931309580802917,7.704066753387451,1.992163062095642,-0.2718400087660869,-0.13794542849063873,1.18820725932935,-0.6460641659828055,0.025729279098612196,1.3527370008589836,0.0,18.0,2.0,0.9376130908818132,0.347679838533091,0.0006493725096202012,0.9,1.1484565734863281,-0.6208623647689819,0.05688261613249779,-0.12387748062610626,local_avoidance,SAFE_PROGRESSING,NONE,1,0,"0.862,7.672;0.652,8.126;0.443,8.580;0.233,9.034;0.024,9.488;-0.186,9.942;-0.395,10.396",0,1,PASS_THROUGH,-1,0.9403179306514023,0.34029679364439663,0.0005305947676755216,0.9,3.1933381489051826,3.3877927671703523,0.0,0,0,1,DIRECT_LOCAL,PASS_THROUGH,0,BYPASS_VISIBLE,1,4,0.0,18.0,2.0,0.0,18.0,2.0,1,
110,3.7,0.033333,0.924845278263092,7.736424446105957,1.9911792278289795,-0.27616197834341605,-0.1276605874300003,1.2005849737739618,-0.6515754485219563,0.02672130374654837,1.3662609093589437,0.0,18.0,2.0,0.9349450679404472,0.3547916922423249,0.0007583202887034769,0.9,1.1621686220169067,-0.6209944486618042,0.05904358625411987,-0.10443302989006042,local_avoidance,SAFE_PROGRESSING,NONE,1,0,"0.893,7.704;0.682,8.157;0.471,8.611;0.260,9.064;0.049,9.517;-0.162,9.971;-0.373,10.424",0,1,PASS_THROUGH,-1,0.9403179306514023,0.34029679364439663,0.0005305947676755216,0.9,3.1645907865844642,3.3627302566728137,0.0,0,0,1,DIRECT_LOCAL,PASS_THROUGH,0,BYPASS_VISIBLE,1,4,0.0,18.0,2.0,0.0,18.0,2.0,1,
111,3.733333,0.033333,0.9569602608680725,7.769004821777344,1.990323543548584,-0.28011536728620157,-0.11648017168045044,1.2125280159956298,-0.6561371347617069,0.027489717042330726,1.3789473571281348,0.0,18.0,2.0,0.9323334683095833,0.36159863275218046,0.0008559565274294927,0.9,1.17634916305542,-0.6211233139038086,0.06072135269641876,-0.08654274046421051,local_avoidance,SAFE_PROGRESSING,NONE,1,0,"0.925,7.736;0.712,8.189;0.500,8.642;0.287,9.094;0.075,9.547;-0.138,9.999;-0.350,10.452",0,1,PASS_THROUGH,-1,0.9403179306514023,0.34029679364439663,0.0005305947676755216,0.9,3.1360583082019917,3.3378673491733304,0.0,0,0,1,DIRECT_LOCAL,PASS_THROUGH,0,BYPASS_VISIBLE,1,4,0.0,18.0,2.0,0.0,18.0,2.0,1,
112,3.766667,0.033333,0.9894296526908875,7.80181360244751,1.9895941019058228,-0.2836801779656878,-0.10465989261865616,1.22405411405979,-0.6597462186043384,0.028497513967012153,1.39082193519218,0.0,18.0,2.0,0.9297933341534331,0.3680807913879109,0.000941687364012178,0.9,1.1918871402740479,-0.6201241612434387,0.06216508150100708,-0.06566982716321945,local_avoidance,SAFE_PROGRESSING,NONE,1,0,"0.957,7.769;0.743,8.221;0.529,8.673;0.315,9.125;0.101,9.577;-0.113,10.028;-0.327,10.480",0,1,PASS_THROUGH,-1,0.9403179306514023,0.34029679364439663,0.0005305947676755216,0.9,3.107756094380168,3.313205312319223,0.0,0,0,1,DIRECT_LOCAL,PASS_THROUGH,0,BYPASS_VISIBLE,1,4,0.0,18.0,2.0,0.0,18.0,2.0,1,
113,3.8,0.033333,1.0222079753875732,7.834860324859619,1.9889882802963257,-0.28684447221241416,-0.09231127798557281,1.2352833980917575,-0.6624626893192792,0.03013016973799463,1.4020305686644967,0.0,18.0,2.0,0.9273370786073818,0.37422574898046573,0.0010155983142464788,0.9,1.2072248458862305,-0.6189967393875122,0.0633305013179779,-0.045300211757421494,local_avoidance,SAFE_PROGRESSING,NONE,1,0,"0.989,7.802;0.774,8.253;0.558,8.704;0.343,9.155;0.127,9.606;-0.088,10.057;-0.304,10.509",0,1,PASS_THROUGH,-1,0.9403179306514023,0.34029679364439663,0.0005305947676755216,0.9,3.0796978315880392,3.2887408010247574,0.0,0,0,1,DIRECT_LOCAL,PASS_THROUGH,0,BYPASS_VISIBLE,1,4,0.0,18.0,2.0,0.0,18.0,2.0,1,
114,3.833333,0.033333,1.0552533864974976,7.868157386779785,1.9884997606277466,-0.28959229948182913,-0.07946883141994476,1.246389329372444,-0.6643716075004137,0.03224834517178025,1.4127688944029355,0.0,18.0,2.0,0.9249786418523931,0.3800175658636663,0.0010778459798869184,0.9,1.2214220762252808,-0.6189606785774231,0.06389626115560532,-0.03081948310136795,local_avoidance,SAFE_PROGRESSING,NONE,1,0,"1.022,7.835;1.145,8.319;1.268,8.804;1.392,9.289;1.515,9.773;1.638,10.258;1.761,10.742",1,1,PASS_THROUGH,-1,0.9249791791507347,0.3800177866069339,0.0,0.9,3.0518924674085883,3.2644675037027646,0.0,0,0,1,DIRECT_LOCAL,PASS_THROUGH,0,BYPASS_VISIBLE,1,4,0.0,18.0,2.0,0.0,18.0,2.0,1,
115,3.866667,0.033333,1.0885273218154907,7.901725769042969,1.988114595413208,-0.2919136312835668,-0.06649932265281677,1.2574961099442663,-0.6655883252221125,0.03433760104773227,1.4231947709441082,0.0,18.0,2.0,0.9227296107502774,0.38544622311420207,0.001128951565940492,0.9,1.234899878501892,-0.6203386783599854,0.06368453055620193,-0.02232890948653221,local_avoidance,SAFE_PROGRESSING,NONE,1,0,"1.055,7.868;1.177,8.353;1.298,8.838;1.420,9.323;1.541,9.808;1.662,10.293;1.784,10.778",0,1,PASS_THROUGH,-1,0.9249786418523931,0.3800175658636663,0.0010778459798869184,0.9,3.024345607661789,3.24037066805076,0.0,0,0,1,DIRECT_LOCAL,PASS_THROUGH,0,BYPASS_VISIBLE,1,4,0.0,18.0,2.0,0.0,18.0,2.0,1,
116,3.9,0.033333,1.1219983100891113,7.935583591461182,1.9878132343292236,-0.29382198107590185,-0.054091524332761765,1.2686217547510346,-0.6662843743099235,0.036117736113696654,1.4334017283857095,0.0,18.0,2.0,0.9205920980134519,0.39052377612735867,0.001170194180423552,0.9,1.2490184307098389,-0.6209771633148193,0.06325775384902954,-0.013338985852897167,local_avoidance,SAFE_PROGRESSING,NONE,1,0,"1.089,7.902;1.208,8.387;1.328,8.873;1.448,9.358;1.567,9.844;1.687,10.329;1.807,10.815",0,1,PASS_THROUGH,-1,0.9249786418523931,0.3800175658636663,0.0010778459798869184,0.9,2.997053989715075,3.2164393686904127,0.0,0,0,1,DIRECT_LOCAL,PASS_THROUGH,0,BYPASS_VISIBLE,1,4,0.0,18.0,2.0,0.0,18.0,2.0,1,
117,3.933333,0.033333,1.1556406021118164,7.969746112823486,1.9875788688659668,-0.2953525439716922,-0.042713284492492676,1.2797171867123383,-0.6666444780724508,0.03746845318767488,1.4434316135846925,0.0,18.0,2.0,0.9185587612268566,0.3952826254115676,0.0012034205918948335,0.9,1.2616896629333496,-0.621981680393219,0.06255770474672318,-0.010061594657599926,local_avoidance,SAFE_PROGRESSING,NONE,1,0,"1.122,7.936;1.240,8.421;1.358,8.907;1.476,9.393;1.594,9.879;1.712,10.365;1.829,10.851",0,1,PASS_THROUGH,-1,0.9249786418523931,0.3800175658636663,0.0010778459798869184,0.9,2.970017688348861,3.1926664065187396,0.0,0,0,1,DIRECT_LOCAL,PASS_THROUGH,0,BYPASS_VISIBLE,1,4,0.0,18.0,2.0,0.0,18.0,2.0,1,
118,3.966667,0.033333,1.1894347667694092,8.00422477722168,1.9873968362808228,-0.29654394305235265,-0.03274558484554291,1.2907043492238637,-0.6667880491843206,0.038108426474313076,1.4532640062317574,0.0,18.0,2.0,0.9166196958171178,0.39975845179465586,0.0012302271635826177,0.9,1.2707406282424927,-0.6232215166091919,0.06192390248179436,-0.010035710409283638,local_avoidance,SAFE_PROGRESSING,NONE,1,0,"1.156,7.970;1.272,8.456;1.388,8.942;1.504,9.429;1.620,9.915;1.736,10.401;1.852,10.888",0,1,PASS_THROUGH,-1,0.9249786418523931,0.3800175658636663,0.0010778459798869184,0.9,2.943240220152237,3.1690496153642655,0.0,0,0,1,DIRECT_LOCAL,PASS_THROUGH,0,BYPASS_VISIBLE,1,4,0.0,18.0,2.0,0.0,18.0,2.0,1,
119,4.0,0.033333,1.2233643531799316,8.039023399353027,1.987265706062317,-0.29744548054824194,-0.02456703968346119,1.3014038950553222,-0.6667694664524056,0.03804234725384006,1.462764793000902,0.0,18.0,2.0,0.9147595040247171,0.4039968839660095,0.001252015258774137,0.9,1.2804914712905884,-0.619590699672699,0.06300000846385956,0.005885169841349125,local_avoidance,SAFE_PROGRESSING,NONE,1,0,"1.189,8.004;1.304,8.491;1.418,8.978;1.532,9.465;1.647,9.951;1.761,10.438;1.875,10.925",0,1,PASS_THROUGH,-1,0.9249786418523931,0.3800175658636663,0.0010778459798869184,0.9,2.8795033482919745,3.1455947669187587,0.0,0,0,1,DIRECT_LOCAL,PASS_THROUGH,0,BYPASS_VISIBLE,1,4,0.0,18.0,2.0,0.0,18.0,2.0,1,
120,4.033333,0.033333,1.2574107646942139,8.074135780334473,1.987208604812622,-0.29810065806844743,-0.0175407025963068,1.3115565299321998,-0.666518033528098,0.037568163657385446,1.4716786969806093,0.0,18.0,2.0,0.9129640464372613,0.4080380372564885,0.001268883278610591,0.9,1.2912445068359375,-0.6134853363037109,0.06531891226768494,0.03205081820487976,local_avoidance,SAFE_PROGRESSING,NONE,1,0,"1.223,8.039;1.336,8.526;1.448,9.013;1.561,9.501;1.673,9.988;1.786,10.475;1.898,10.962",1,1,PASS_THROUGH,-1,0.9129647814037747,0.4080383657407205,0.0,0.9,2.8505549039171783,3.1223163030532852,0.0,0,0,1,DIRECT_LOCAL,PASS_THROUGH,0,BYPASS_VISIBLE,1,4,0.0,18.0,2.0,0.0,18.0,2.0,1,
121,4.066667,0.033333,1.291547179222107,8.109556198120117,1.9872548580169678,-0.29850119936151276,-0.010186398401856422,1.320993676544222,-0.6657707306937551,0.0368051589394164,1.479739699759006,0.0,18.0,2.0,0.9112398209487693,0.4118741970792153,0.00127847471879572,0.9,1.3019334077835083,-0.6088578104972839,0.06719902902841568,0.05270316079258919,local_avoidance,SAFE_PROGRESSING,NONE,1,0,"1.257,8.074;1.368,8.562;1.479,9.049;1.589,9.537;1.700,10.025;1.810,10.512;1.921,11.000",0,1,PASS_THROUGH,-1,0.9129640464372613,0.4080380372564885,0.001268883278610591,0.9,2.821858935196244,3.0992251818779337,0.0,0,0,1,DIRECT_LOCAL,PASS_THROUGH,0,BYPASS_VISIBLE,1,4,0.0,18.0,2.0,0.0,18.0,2.0,1,
122,4.1,0.033333,1.3257344961166382,8.145277976989746,1.9874154329299927,-0.29860873237842395,-0.0016742596635594964,1.3297131343403497,-0.6642278851026284,0.0359040652480878,1.4868170045054252,0.0,18.0,2.0,0.9096061898196236,0.41546954968367367,0.0012777822476388973,0.9,1.3101835250854492,-0.6064868569374084,0.06814800947904587,0.06532011181116104,local_avoidance,SAFE_PROGRESSING,NONE,1,0,"1.292,8.110;1.400,8.598;1.509,9.086;1.618,9.574;1.726,10.062;1.835,10.550;1.944,11.038",0,1,PASS_THROUGH,-1,0.9129640464372613,0.4080380372564885,0.001268883278610591,0.9,2.8145363764623323,3.076328474114163,0.0,0,0,1,DIRECT_LOCAL,PASS_THROUGH,0,BYPASS_VISIBLE,1,4,0.0,18.0,2.0,0.0,18.0,2.0,1,
123,4.133333,0.033333,1.3599261045455933,8.18129825592041,1.9876853227615356,-0.2984019371815409,0.0077108172699809074,1.3377841711370548,-0.661789876586331,0.03512883786987751,1.4929388348311852,0.0,18.0,2.0,0.9080763120303893,0.41880282922705914,0.0012656068496860137,0.9,1.318981409072876,-0.604072093963623,0.0685855895280838,0.07720328122377396,local_avoidance,SAFE_PROGRESSING,NONE,1,0,"1.326,8.145;1.433,8.634;1.539,9.122;1.646,9.611;1.753,10.099;1.860,10.588;1.967,11.076",0,1,PASS_THROUGH,-1,0.9129640464372613,0.4080380372564885,0.001268883278610591,0.9,2.7878555075539144,3.053625786880315,0.0,0,0,1,DIRECT_LOCAL,PASS_THROUGH,0,BYPASS_VISIBLE,1,4,0.0,18.0,2.0,0.0,18.0,2.0,1,
124,4.166667,0.033333,1.3940778970718384,8.217616081237793,1.9880574941635132,-0.2978853184486249,0.017433542758226395,1.3452665965961401,-0.658612666498831,0.03492626240842208,1.4982432059568582,0.0,18.0,2.0,0.9066528788092865,0.4218755905759386,0.0012423457796529927,0.9,1.3281131982803345,-0.6011051535606384,0.06888114660978317,0.08900221437215805,local_avoidance,SAFE_PROGRESSING,NONE,1,0,"1.360,8.181;1.465,8.670;1.570,9.159;1.675,9.648;1.780,10.137;1.885,10.626;1.990,11.114",0,1,PASS_THROUGH,-1,0.9129640464372613,0.4080380372564885,0.001268883278610591,0.9,2.761514814874027,3.031114150208995,0.0,0,0,1,DIRECT_LOCAL,PASS_THROUGH,0,BYPASS_VISIBLE,1,4,0.0,18.0,2.0,0.0,18.0,2.0,1,
125,4.2,0.033333,1.428153395652771,8.254233360290527,1.9885278940200806,-0.29706653643719694,0.027166083455085754,1.352232907124822,-0.6549710231808642,0.035512569642245986,1.5029244887619708,0.0,18.0,2.0,0.9053369136096869,0.424692373522364,0.0012086056539523807,0.9,1.335204839706421,-0.5977083444595337,0.06943890452384949,0.10212697088718414,local_avoidance,SAFE_PROGRESSING,NONE,1,0,"1.394,8.218;1.497,8.707;1.600,9.196;1.703,9.685;1.806,10.175;1.909,10.664;2.012,11.153",0,1,PASS_THROUGH,-1,0.9129640464372613,0.4080380372564885,0.001268883278610591,0.9,2.7355249976318494,3.008789074106411,0.0,0,0,1,DIRECT_LOCAL,PASS_THROUGH,0,BYPASS_VISIBLE,1,4,0.0,18.0,2.0,0.0,18.0,2.0,1,
126,4.233333,0.033333,1.4621261358261108,8.291144371032715,1.989098310470581,-0.2959480480246586,0.036741700023412704,1.3587241349467867,-0.6511130257808553,0.036499036845945645,1.5071203093711782,0.0,18.0,2.0,0.9041310742665631,0.4272536062169028,0.0011646974896270923,0.9,1.342637538909912,-0.5942400693893433,0.06999523192644119,0.11450965702533722,local_avoidance,SAFE_PROGRESSING,NONE,1,0,"1.428,8.254;1.529,8.744;1.630,9.234;1.731,9.723;1.832,10.213;1.934,10.703;2.035,11.192",1,1,PASS_THROUGH,-1,0.9041316875032389,0.42725389600628033,0.0,0.9,2.709894306978512,2.9866556050890716,0.0,0,0,1,DIRECT_LOCAL,PASS_THROUGH,0,BYPASS_VISIBLE,1,4,0.0,18.0,2.0,0.0,18.0,2.0,1,
127,4.266667,0.033333,1.4959748983383179,8.328347206115723,1.9897692203521729,-0.29452901219455546,0.046106863766908646,1.3647297795652649,-0.647188630578729,0.03752974986669368,1.510876890056792,0.0,18.0,2.0,0.9030388552229313,0.42955743865545803,0.0011103393265268291,0.9,1.349491834640503,-0.5910005569458008,0.07048384845256805,0.12460871040821075,local_avoidance,SAFE_PROGRESSING,NONE,1,0,"1.462,8.291;1.561,8.781;1.660,9.271;1.760,9.761;1.859,10.251;1.958,10.742;2.057,11.232",0,1,PASS_THROUGH,-1,0.9041310742665631,0.4272536062169028,0.0011646974896270923,0.9,2.6846398250769914,2.964716274249213,0.0,0,0,1,DIRECT_LOCAL,PASS_THROUGH,0,BYPASS_VISIBLE,1,4,0.0,18.0,2.0,0.0,18.0,2.0,1,
128,4.3,0.033333,1.5296814441680908,8.365836143493652,1.9905389547348022,-0.2928105266450445,0.05513458326458931,1.3702326233722137,-0.64324828686805,0.038405435741274384,1.5141931112664124,0.0,18.0,2.0,0.9020624835099444,0.431604197183698,0.0010453790158778786,0.9,1.3554954528808594,-0.5879917144775391,0.07092230767011642,0.13262377679347992,local_avoidance,SAFE_PROGRESSING,NONE,1,0,"1.496,8.328;1.593,8.819;1.690,9.309;1.788,9.800;1.885,10.290;1.982,10.781;2.079,11.271",0,1,PASS_THROUGH,-1,0.9041310742665631,0.4272536062169028,0.0011646974896270923,0.9,2.6296789465361075,2.942977587632127,0.0,0,0,1,DIRECT_LOCAL,PASS_THROUGH,0,BYPASS_VISIBLE,1,4,0.0,18.0,2.0,0.0,18.0,2.0,1,
129,4.333333,0.033333,1.5632288455963135,8.403602600097656,1.9914056062698364,-0.2908028299218755,0.06360410153865814,1.3752145350526161,-0.6392814756130913,0.03911994492645987,1.5170452177087814,0.0,18.0,2.0,0.9011999140809674,0.433402554435571,0.0009698810127784733,0.9,1.362079381942749,-0.5843784213066101,0.07144234329462051,0.14133049547672272,local_avoidance,SAFE_PROGRESSING,NONE,1,0,"1.530,8.366;1.582,8.863;1.634,9.360;1.686,9.858;1.738,10.355;1.790,10.852;1.842,11.350",0,1,PASS_THROUGH,-1,0.9041310742665631,0.4272536062169028,0.0011646974896270923,0.9,2.603646139618926,2.9214485438073416,0.0,0,0,1,DIRECT_LOCAL,PASS_THROUGH,0,BYPASS_VISIBLE,1,4,0.0,18.0,2.0,0.0,18.0,2.0,1,
130,4.366667,0.033333,1.5965992212295532,8.441637992858887,1.992369532585144,-0.28852420014901436,0.07146010547876358,1.379682813345101,-0.6352485498367938,0.039970622008318545,1.5194285228773787,0.0,18.0,2.0,0.9004453049995509,0.434968356739797,0.00088393401677096,0.9,1.3693645000457764,-0.5797591209411621,0.07219582796096802,0.15217652916908264,local_avoidance,SAFE_PROGRESSING,NONE,1,0,"1.563,8.404;1.656,8.895;1.750,9.386;1.843,9.877;1.936,10.369;2.029,10.860;2.123,11.351",0,1,PASS_THROUGH,-1,0.9041310742665631,0.4272536062169028,0.0011646974896270923,0.9,2.578022768239037,2.900137080551932,0.0,0,0,1,DIRECT_LOCAL,PASS_THROUGH,0,BYPASS_VISIBLE,1,4,0.0,18.0,2.0,0.0,18.0,2.0,1,
131,4.4,0.033333,1.6297744512557983,8.479936599731445,1.9934337139129639,-0.2859903435187084,0.07890233397483826,1.3837152080748638,-0.631079629344404,0.0412773052606239,1.52139182709804,0.0,18.0,2.0,0.8997936971567666,0.4363148892353441,0.0007873934888215365,0.9,1.3768118619918823,-0.5747719407081604,0.07307226955890656,0.16327880322933197,local_avoidance,SAFE_PROGRESSING,NONE,1,0,"1.597,8.442;1.688,8.933;1.779,9.425;1.870,9.916;1.962,10.408;2.053,10.900;2.144,11.391",0,1,PASS_THROUGH,-1,0.9041310742665631,0.4272536062169028,0.0011646974896270923,0.9,2.590361077487782,2.8790477058005304,0.0,0,0,1,DIRECT_LOCAL,PASS_THROUGH,0,BYPASS_VISIBLE,1,4,0.0,18.0,2.0,0.0,18.0,2.0,1,
132,4.433333,0.033333,1.662733793258667,8.518498420715332,1.9946000576019287,-0.28320849966436784,0.08616321533918381,1.3874560586973008,-0.6266851020404552,0.04311191161180393,1.5230322284371163,0.0,18.0,2.0,0.8992435936641483,0.4374477078122933,0.0006798409803596422,0.9,1.3835761547088623,-0.5703682899475098,0.07386759668588638,0.17217637598514557,local_avoidance,SAFE_PROGRESSING,NONE,1,0,"1.630,8.480;1.719,8.972;1.808,9.464;1.898,9.956;1.987,10.448;2.076,10.940;2.165,11.432",1,1,PASS_THROUGH,-1,0.8992438014721125,0.43744780890294127,0.0,0.9,2.5618951004922863,2.8581779266651237,0.0,0,0,1,DIRECT_LOCAL,PASS_THROUGH,0,BYPASS_VISIBLE,1,4,0.0,18.0,2.0,0.0,18.0,2.0,1,
133,4.466667,0.033333,1.6954565048217773,8.557324409484863,1.9958668947219849,-0.28018362113991707,0.09325864911079407,1.3910550534649446,-0.6220039615691273,0.04530918640945486,1.5244592524403973,0.0,18.0,2.0,0.8987944024919272,0.43837005756457537,0.0005609634662213081,0.9,1.390119194984436,-0.5665601491928101,0.07450134307146072,0.17923091351985931,local_avoidance,SAFE_PROGRESSING,NONE,1,0,"1.663,8.518;1.707,9.017;1.751,9.515;1.795,10.013;1.839,10.511;1.883,11.009;1.927,11.507",0,1,PASS_THROUGH,-1,0.8992435936641483,0.4374477078122933,0.0006798409803596422,0.9,2.5338092647468016,2.8375236782684774,0.0,0,0,1,DIRECT_LOCAL,PASS_THROUGH,0,BYPASS_VISIBLE,1,4,0.0,18.0,2.0,0.0,18.0,2.0,1,
134,4.5,0.033333,1.7279223203659058,8.596421241760254,1.9972273111343384,-0.2769264709416361,0.10005346685647964,1.3946121150192763,-0.617050374138898,0.04766351121115837,1.5257673236389846,0.0,18.0,2.0,0.8984428182894256,0.4390903285911234,0.00043081538201235575,0.9,1.3962424993515015,-0.5636283755302429,0.07492966204881668,0.18325816094875336,local_avoidance,SAFE_PROGRESSING,NONE,1,0,"1.695,8.557;1.737,9.056;1.779,9.554;1.822,10.052;1.864,10.550;1.906,11.048;1.948,11.547",0,1,PASS_THROUGH,-1,0.8992435936641483,0.4374477078122933,0.0006798409803596422,0.9,2.5197898060786943,2.8170753082379063,0.0,0,0,1,DIRECT_LOCAL,PASS_THROUGH,0,BYPASS_VISIBLE,1,4,0.0,18.0,2.0,0.0,18.0,2.0,1,
135,4.533333,0.033333,1.7601150274276733,8.635795593261719,1.9986729621887207,-0.2734555101320049,0.10631050914525986,1.3981673905464589,-0.6119197901002,0.05003402811355158,1.527030217603121,0.0,18.0,2.0,0.8981819224246271,0.43962387347588605,0.0002899994123232971,0.9,1.4019474983215332,-0.5610488653182983,0.07533024251461029,0.18592938780784607,local_avoidance,SAFE_PROGRESSING,NONE,1,0,"1.728,8.596;1.768,9.095;1.808,9.593;1.848,10.092;1.888,10.590;1.928,11.088;1.968,11.587",0,1,PASS_THROUGH,-1,0.8992435936641483,0.4374477078122933,0.0006798409803596422,0.9,2.4566133770414993,2.796824488976807,0.0,0,0,1,DIRECT_LOCAL,PASS_THROUGH,0,BYPASS_VISIBLE,1,4,0.0,18.0,2.0,0.0,18.0,2.0,1,
136,4.566667,0.033333,1.7920231819152832,8.675450325012207,2.000196695327759,-0.26979701242799775,0.11180073022842407,1.4017074592153362,-0.6067601424185805,0.0523960824529284,1.5282954626328453,0.0,18.0,2.0,0.8980010173022475,0.4399933562300822,0.00013927496732344042,0.9,1.407995343208313,-0.5576984882354736,0.0759672299027443,0.19084903597831726,local_avoidance,SAFE_PROGRESSING,NONE,1,0,"1.760,8.636;1.798,9.134;1.836,9.633;1.874,10.131;1.912,10.630;1.950,11.129;1.988,11.627",0,1,PASS_THROUGH,-1,0.8992435936641483,0.4374477078122933,0.0006798409803596422,0.9,2.433728317510901,2.7767681456482363,0.0,0,0,1,DIRECT_LOCAL,PASS_THROUGH,0,BYPASS_VISIBLE,1,4,0.0,18.0,2.0,0.0,18.0,2.0,1,
137,4.6,0.033333,1.8236403465270996,8.7153902053833,2.0017952919006348,-0.26597742339605324,0.11657872051000595,1.4052018156796993,-0.6017016098974827,0.05477575598428186,1.5295873147965093,0.0,18.0,2.0,0.8978890097374436,0.44022190513829573,-2.0715266626898888e-05,0.9,1.4141809940338135,-0.5540273189544678,0.07676325738430023,0.19611355662345886,local_avoidance,SAFE_PROGRESSING,NONE,1,0,"1.792,8.675;1.828,9.174;1.864,9.673;1.900,10.172;1.936,10.670;1.972,11.169;2.008,11.668",0,1,PASS_THROUGH,-1,0.8992435936641483,0.4374477078122933,0.0006798409803596422,0.9,2.4113229979905997,2.756903727322998,0.0,0,0,1,DIRECT_LOCAL,PASS_THROUGH,0,BYPASS_VISIBLE,1,4,0.0,18.0,2.0,0.0,18.0,2.0,1,
138,4.633333,0.033333,1.8549631834030151,8.755613327026367,2.003467082977295,-0.2620127426847935,0.1208539605140686,1.4086459436934846,-0.5967924195166263,0.057139720433276114,1.5309178731492457,0.0,18.0,2.0,0.8978390631671167,0.44032372256230995,-0.00018973682853247917,0.9,1.4197430610656738,-0.5507070422172546,0.07757600396871567,0.1996574103832245,local_avoidance,SAFE_PROGRESSING,NONE,1,0,"1.824,8.715;1.858,9.214;1.891,9.713;1.925,10.212;1.959,10.711;1.993,11.210;2.027,11.708",1,1,PASS_THROUGH,-1,0.897839079328249,0.4403237304881513,0.0,0.9,2.3894063214456396,2.7372360502849653,0.0,0,0,1,DIRECT_LOCAL,PASS_THROUGH,0,BYPASS_VISIBLE,1,4,0.0,18.0,2.0,0.0,18.0,2.0,1,
139,4.666667,0.033333,1.8859885931015015,8.796119689941406,2.0052099227905273,-0.2579132074094329,0.12469382584095001,1.4120585628358915,-0.5920084345043864,0.05939249581629681,1.5322894112933714,0.0,18.0,2.0,0.8978467294379318,0.4403079776944843,-0.0003677175585254747,0.9,1.4247205257415771,-0.5474701523780823,0.07844126969575882,0.20308664441108704,local_avoidance,SAFE_PROGRESSING,NONE,1,0,"1.855,8.756;1.887,9.255;1.919,9.754;1.951,10.253;1.982,10.752;2.014,11.251;2.046,11.750",0,1,PASS_THROUGH,-1,0.8978390631671167,0.44032372256230995,-0.00018973682853247917,0.9,2.3679947577234404,2.717768418620252,0.0,0,0,1,DIRECT_LOCAL,PASS_THROUGH,0,BYPASS_VISIBLE,1,4,0.0,18.0,2.0,0.0,18.0,2.0,1,
